lv-R,lv-G,lv-B,lv-W,mix_W_2000_r_ratio_current,mix_W_2000_g_ratio_current,mix_W_2000_b_ratio_current,w_4000_current
213.5,380.8,165.2,269.7,2400.0,600.0,600.0,5200.0
242.8,457.2,183.7,324.6,1700.0,300.0,400.0,4200.0
30.7,300.4,156.0,147.4,2100.0,500.0,600.0,4800.0
187.7,341.1,145.3,260.0,2100.0,400.0,500.0,5900.0
200.3,370.6,160.6,262.4,2100.0,500.0,600.0,5600.0
200.3,371.4,164.0,264.4,2100.0,500.0,600.0,4400.0
233.5,410.0,184.3,270.4,2000.0,400.0,500.0,4400.0
164.8,341.1,168.0,170.7,2100.0,300.0,500.0,4400.0
260.8,417.5,177.6,287.6,2100.0,300.0,500.0,4400.0
238.4,431.2,196.3,324.4,1900.0,300.0,500.0,4700.0
200.3,360.2,149.3,270.7,2000.0,300.0,500.0,4700.0
227.9,417.8,176.4,324.4,2300.0,300.0,500.0,5500.0
223.2,371.4,158.9,266.1,2000.0,400.0,600.0,4900.0
232.2,418.4,169.2,296.7,2100.0,500.0,600.0,4400.0
30.5,307.8,153.9,134.6,2000.0,400.0,500.0,4900.0
213.3,405.7,158.3,280.3,2300.0,300.0,500.0,4800.0
233.8,417.5,173.0,311.8,2100.0,500.0,600.0,4400.0
231.9,400.0,175.9,272.1,2000.0,400.0,600.0,4900.0
238.9,413.9,178.7,294.4,1800.0,400.0,500.0,4400.0
238.1,385.9,167.5,298.0,2200.0,600.0,600.0,5500.0
200.9,374.9,146.5,280.1,2300.0,600.0,600.0,4000.0
30.5,282.6,130.6,135.8,2000.0,400.0,600.0,4900.0
256.6,417.8,174.2,307.9,2100.0,600.0,600.0,4100.0
223.2,364.7,152.2,247.2,2300.0,600.0,700.0,4200.0
236.7,397.2,169.6,276.7,1900.0,300.0,500.0,5700.0
226.8,402.1,169.2,270.4,2100.0,500.0,600.0,4400.0
219.7,382.0,158.3,269.2,2200.0,500.0,600.0,4400.0
237.5,381.1,162.9,259.3,2100.0,500.0,600.0,5300.0
209.6,383.6,168.0,272.8,2100.0,500.0,600.0,4800.0
220.9,411.3,180.5,283.0,1900.0,300.0,500.0,4700.0
203.7,357.9,149.3,254.9,2100.0,300.0,500.0,4300.0
231.9,406.8,175.9,273.3,2000.0,400.0,500.0,4900.0
243.1,392.7,171.3,284.0,2900.0,900.0,900.0,6000.0
197.2,375.7,156.6,260.4,2600.0,800.0,700.0,6000.0
235.5,402.9,181.0,284.2,2100.0,700.0,600.0,4400.0
255.8,422.4,170.7,288.6,2100.0,300.0,500.0,4400.0
186.5,329.0,134.0,268.7,2500.0,700.0,700.0,5600.0
218.6,403.7,162.9,287.3,2000.0,400.0,600.0,4900.0
220.9,404.0,175.9,290.0,1900.0,300.0,500.0,4700.0
253.5,419.0,186.6,295.3,2100.0,500.0,500.0,4400.0
201.2,363.5,162.3,282.5,2000.0,300.0,500.0,5200.0
242.6,422.1,186.6,320.9,2300.0,400.0,600.0,5100.0
244.8,413.9,190.0,286.6,1400.0,300.0,500.0,3600.0
188.5,351.9,158.9,266.2,2100.0,500.0,600.0,5800.0
237.2,398.3,159.4,279.3,2400.0,600.0,600.0,4100.0
216.7,397.2,178.2,293.6,1800.0,300.0,400.0,4400.0
208.8,364.9,165.2,271.9,2400.0,600.0,600.0,5100.0
73.0,335.8,149.9,154.0,2600.0,500.0,600.0,5800.0
218.3,379.4,151.6,268.4,2400.0,600.0,600.0,5400.0
33.3,304.1,147.0,135.3,2000.0,400.0,600.0,4900.0
34.4,317.1,148.2,167.8,2200.0,500.0,600.0,5600.0
248.2,427.2,186.0,278.2,1400.0,300.0,500.0,3900.0
256.6,424.6,195.2,288.8,2100.0,500.0,500.0,4000.0
244.6,398.3,166.9,273.5,2100.0,300.0,500.0,5900.0
74.1,293.6,136.9,144.1,2000.0,400.0,500.0,5600.0
212.4,387.3,165.2,288.8,2300.0,400.0,600.0,6000.0
237.2,402.3,167.5,285.1,2000.0,400.0,600.0,4900.0
204.5,390.1,156.6,311.0,1400.0,300.0,500.0,3900.0
210.5,383.9,156.0,291.2,2600.0,900.0,800.0,6000.0
171.0,380.2,172.4,208.4,1900.0,300.0,500.0,4400.0
215.0,387.6,166.9,284.6,2000.0,400.0,600.0,4900.0
230.8,404.0,177.6,284.0,2000.0,400.0,600.0,5300.0
233.2,410.8,184.3,302.4,2200.0,500.0,600.0,4900.0
203.7,366.1,143.6,266.7,2100.0,300.0,500.0,3900.0
202.6,387.9,162.3,276.5,2300.0,600.0,600.0,4000.0
31.9,310.1,152.2,136.3,2000.0,400.0,600.0,4900.0
228.5,403.7,166.9,287.6,2000.0,500.0,500.0,4000.0
240.8,420.7,183.3,286.6,1800.0,300.0,500.0,4800.0
32.2,262.1,133.5,115.2,2400.0,600.0,600.0,6000.0
221.2,382.4,170.1,259.3,2100.0,400.0,500.0,5300.0
244.3,431.2,191.7,304.0,2400.0,600.0,600.0,4000.0
223.2,389.2,148.8,307.0,2100.0,700.0,600.0,4400.0
44.5,371.7,158.3,176.9,2100.0,300.0,500.0,4400.0
195.0,371.7,161.2,265.1,2300.0,300.0,500.0,6000.0
218.9,386.2,156.6,288.6,2000.0,400.0,600.0,5300.0
233.0,399.2,168.0,291.9,2100.0,600.0,600.0,4400.0
218.9,376.5,161.7,298.7,2100.0,500.0,600.0,4400.0
226.2,374.3,161.7,280.8,2100.0,600.0,600.0,4400.0
55.3,331.0,158.3,154.2,2100.0,500.0,600.0,4400.0
196.4,349.1,149.3,246.2,2100.0,300.0,500.0,5000.0
184.8,358.7,148.8,260.7,2300.0,600.0,700.0,5600.0
204.0,375.7,158.3,289.8,2500.0,700.0,700.0,5500.0
37.2,359.6,176.4,166.8,2400.0,600.0,600.0,4400.0
93.8,348.5,164.6,164.1,2100.0,500.0,600.0,4800.0
40.9,301.0,142.5,138.8,1900.0,300.0,500.0,4700.0
215.0,402.6,174.2,329.9,1900.0,300.0,500.0,4700.0
243.1,437.7,178.7,307.7,2200.0,600.0,600.0,4100.0
266.3,451.9,193.4,396.5,1800.0,300.0,400.0,3300.0
240.6,402.9,170.1,291.7,2100.0,500.0,600.0,4800.0
218.1,385.0,155.4,301.9,2000.0,400.0,600.0,4900.0
240.0,406.8,179.3,294.9,2100.0,500.0,600.0,4800.0
37.5,327.8,160.6,172.4,2100.0,500.0,500.0,4400.0
268.2,426.9,180.5,262.2,1700.0,300.0,500.0,4700.0
131.3,309.8,140.4,173.1,2100.0,600.0,600.0,5900.0
214.7,354.1,161.2,252.3,1700.0,300.0,500.0,4200.0
221.2,383.3,170.1,260.7,2100.0,500.0,600.0,4400.0
238.4,386.2,174.2,250.8,2100.0,300.0,500.0,4900.0
212.4,381.1,172.4,269.9,2100.0,500.0,600.0,4400.0
232.2,406.8,168.0,296.3,2100.0,500.0,600.0,4400.0
38.9,376.5,176.4,161.0,2100.0,300.0,500.0,4400.0
214.4,365.5,151.6,257.3,2400.0,700.0,600.0,5700.0
224.0,399.5,164.0,290.9,2100.0,600.0,600.0,4400.0
239.2,417.5,171.3,292.4,2100.0,500.0,600.0,4400.0
30.2,280.9,145.3,138.0,2000.0,400.0,600.0,4900.0
233.0,406.3,183.3,284.9,2100.0,500.0,600.0,4400.0
33.0,325.1,164.0,140.2,2400.0,600.0,600.0,4700.0
61.2,342.6,168.0,153.7,2000.0,400.0,600.0,4900.0
235.0,412.8,173.0,293.9,2100.0,500.0,600.0,4400.0
235.8,406.0,170.7,277.9,2100.0,500.0,600.0,4400.0
49.3,321.3,151.0,145.7,2100.0,500.0,600.0,5300.0
78.6,369.2,166.9,170.7,1900.0,300.0,500.0,4700.0
245.1,415.1,174.7,297.2,1900.0,300.0,500.0,5100.0
48.5,341.1,169.2,171.9,1900.0,300.0,500.0,5200.0
208.8,378.5,160.0,272.3,2100.0,300.0,500.0,4400.0
243.4,460.6,187.1,317.1,1900.0,300.0,500.0,4300.0
111.6,351.1,169.6,162.5,1900.0,300.0,500.0,4400.0
265.7,444.8,199.5,329.2,1900.0,300.0,500.0,4700.0
176.6,342.9,151.6,207.0,2100.0,500.0,600.0,4900.0
238.4,399.5,160.0,263.4,2100.0,500.0,600.0,4400.0
241.7,412.2,177.6,284.2,2100.0,300.0,500.0,4800.0
237.2,410.3,163.5,347.8,1800.0,300.0,500.0,4400.0
203.7,371.7,150.5,279.6,2300.0,700.0,700.0,5900.0
56.3,310.3,138.6,141.9,2100.0,500.0,600.0,4800.0
215.5,385.3,154.5,285.9,1900.0,300.0,600.0,5100.0
218.6,376.8,157.7,284.2,2100.0,600.0,600.0,5500.0
34.4,323.1,149.3,150.1,2100.0,300.0,500.0,4400.0
222.9,396.9,160.6,300.9,2100.0,300.0,500.0,4400.0
209.1,390.1,174.7,261.4,2100.0,300.0,500.0,4400.0
231.9,379.1,164.0,260.2,2100.0,300.0,500.0,4900.0
189.9,354.7,150.5,237.7,2100.0,300.0,500.0,4800.0
52.7,358.7,179.3,161.2,2400.0,600.0,500.0,4100.0
228.2,401.8,174.7,285.9,2100.0,500.0,600.0,4400.0
203.7,376.2,157.2,266.2,2100.0,500.0,600.0,4800.0
217.8,397.5,165.2,379.8,2100.0,500.0,600.0,4400.0
241.4,430.1,200.1,315.4,1900.0,400.0,500.0,4400.0
213.8,399.5,155.1,294.6,2400.0,600.0,600.0,5000.0
205.4,388.5,157.2,297.2,2100.0,300.0,500.0,4400.0
235.8,416.2,173.6,270.4,2100.0,300.0,500.0,4800.0
235.0,409.1,170.1,287.3,2100.0,300.0,500.0,4400.0
233.5,418.1,187.1,298.9,1900.0,300.0,500.0,4700.0
229.1,424.1,181.6,339.8,2100.0,500.0,500.0,4400.0
227.9,415.1,173.0,292.7,2100.0,500.0,600.0,4800.0
206.5,403.7,170.1,291.2,2100.0,300.0,500.0,4400.0
49.9,327.0,157.7,150.1,2400.0,600.0,600.0,5800.0
205.6,380.0,154.5,277.0,2100.0,300.0,500.0,5300.0
56.6,268.4,123.9,131.7,2300.0,500.0,600.0,6000.0
205.9,379.4,164.0,270.9,2100.0,500.0,600.0,5600.0
200.3,362.7,147.6,260.2,2300.0,600.0,600.0,5600.0
230.8,428.9,190.6,305.0,2100.0,500.0,600.0,4400.0
211.5,378.8,171.3,284.4,2200.0,300.0,500.0,5300.0
251.9,416.8,188.3,285.4,1900.0,300.0,500.0,4700.0
224.6,380.5,166.9,277.2,2100.0,500.0,600.0,5300.0
210.8,357.6,160.0,269.2,1900.0,300.0,500.0,4700.0
240.3,408.3,173.0,285.4,2100.0,300.0,500.0,5400.0
200.3,349.6,148.8,270.9,2400.0,600.0,600.0,4400.0
213.5,357.6,151.6,249.1,2400.0,600.0,600.0,4000.0
164.8,368.9,153.3,220.5,2100.0,500.0,600.0,4400.0
273.0,437.2,186.6,290.4,1900.0,300.0,500.0,4700.0
237.8,416.8,190.0,313.5,2100.0,500.0,600.0,4400.0
203.7,366.4,151.6,255.1,1900.0,500.0,600.0,6000.0
245.4,438.0,186.6,304.5,2100.0,300.0,500.0,4800.0
189.4,359.9,155.4,315.1,1500.0,300.0,500.0,3900.0
227.1,391.0,164.0,286.1,2100.0,300.0,500.0,5700.0
213.8,391.0,168.0,282.3,2100.0,300.0,400.0,4400.0
228.8,399.5,169.6,306.5,2100.0,300.0,500.0,4400.0
35.2,295.6,141.3,133.9,2000.0,400.0,600.0,4800.0
47.1,332.1,157.2,152.7,1900.0,300.0,500.0,4700.0
223.7,408.0,164.6,303.5,2100.0,500.0,600.0,4400.0
42.3,342.6,161.2,146.0,2200.0,500.0,600.0,5900.0
245.4,411.6,186.0,304.0,2400.0,600.0,600.0,4100.0
89.1,303.0,145.9,149.9,2100.0,500.0,600.0,4900.0
202.9,381.4,164.6,280.8,2500.0,700.0,700.0,6000.0
214.7,381.4,165.7,279.1,2100.0,300.0,500.0,5500.0
232.2,401.2,164.0,268.9,2100.0,500.0,600.0,4800.0
231.0,404.5,181.0,287.3,1900.0,300.0,500.0,4700.0
120.3,324.8,149.9,185.7,2100.0,300.0,500.0,4400.0
38.1,314.0,156.0,149.9,2100.0,300.0,500.0,5100.0
228.8,400.3,169.6,273.0,2100.0,300.0,500.0,4400.0
232.2,394.4,165.7,274.0,2700.0,500.0,600.0,5100.0
219.4,369.7,158.9,263.4,2100.0,300.0,500.0,4400.0
65.7,340.6,167.5,160.0,2100.0,300.0,500.0,4400.0
258.4,423.0,188.3,315.4,2100.0,300.0,500.0,4400.0
236.4,400.6,167.5,287.6,1900.0,500.0,500.0,4400.0
229.1,410.3,166.9,283.0,1900.0,300.0,500.0,4700.0
255.5,457.5,201.3,362.9,2100.0,500.0,600.0,4400.0
34.7,302.4,140.9,149.1,2100.0,300.0,500.0,4400.0
140.4,349.1,168.6,157.8,2000.0,400.0,600.0,4600.0
226.2,412.5,166.9,269.4,2100.0,300.0,500.0,4400.0
233.5,413.9,181.0,291.7,2100.0,300.0,500.0,4400.0
200.9,365.8,157.2,265.6,2100.0,500.0,600.0,4400.0
234.1,396.6,180.5,282.5,1900.0,300.0,500.0,4400.0
234.1,433.1,193.4,291.2,2100.0,500.0,600.0,4400.0
228.5,433.4,175.9,326.1,2100.0,500.0,500.0,4400.0
228.2,404.8,168.0,280.1,2100.0,300.0,500.0,5000.0
218.3,380.5,158.3,275.2,2100.0,400.0,500.0,5100.0
237.5,420.7,191.1,301.6,2400.0,600.0,600.0,4000.0
220.6,413.1,178.7,264.1,2100.0,300.0,500.0,4400.0
193.6,362.7,147.0,262.4,2100.0,300.0,500.0,4400.0
245.7,404.3,165.7,311.8,2400.0,600.0,600.0,4100.0
228.5,380.8,165.2,268.4,2100.0,300.0,500.0,4800.0
238.7,388.8,165.2,277.7,2100.0,300.0,600.0,5300.0
156.1,342.0,144.7,254.4,2700.0,700.0,700.0,6000.0
246.7,390.1,171.9,261.2,2100.0,500.0,600.0,4400.0
235.5,445.4,199.5,302.5,2100.0,500.0,500.0,4400.0
232.4,402.1,185.4,289.8,2300.0,700.0,700.0,5800.0
236.7,410.5,178.7,286.8,2100.0,300.0,500.0,4400.0
176.9,362.4,145.3,257.1,2300.0,400.0,600.0,5700.0
205.4,378.5,157.7,260.0,2100.0,300.0,500.0,5500.0
217.3,365.5,155.1,261.2,2200.0,600.0,600.0,6000.0
227.6,392.1,169.6,287.1,2100.0,300.0,500.0,5200.0
251.9,415.1,185.4,280.3,2100.0,300.0,500.0,4400.0
164.8,357.9,175.9,216.7,2100.0,500.0,600.0,4400.0
32.4,302.1,144.2,118.9,2400.0,600.0,600.0,5400.0
34.4,303.8,155.4,138.0,2400.0,700.0,700.0,5800.0
231.9,395.5,167.5,277.2,2100.0,300.0,500.0,5100.0
215.8,402.1,165.2,295.8,2100.0,300.0,500.0,4400.0
96.7,326.4,149.9,152.7,2700.0,800.0,700.0,6000.0
213.3,401.8,173.0,241.4,2100.0,500.0,600.0,4400.0
198.0,376.5,166.3,283.0,2100.0,500.0,600.0,4400.0
230.5,384.2,164.6,261.2,2400.0,700.0,700.0,6000.0
204.5,378.8,153.9,288.8,1900.0,300.0,400.0,4400.0
187.1,374.0,160.0,288.8,2300.0,600.0,600.0,5800.0
230.2,401.2,176.4,281.8,2100.0,500.0,600.0,4400.0
185.7,346.3,151.0,267.2,1900.0,300.0,500.0,5200.0
215.5,348.2,147.6,258.1,2100.0,500.0,600.0,4800.0
154.4,349.6,164.0,175.1,2100.0,500.0,600.0,4400.0
220.3,411.3,181.6,257.3,2100.0,300.0,500.0,4400.0
222.3,374.0,161.2,260.9,2100.0,500.0,600.0,4400.0
31.9,298.7,155.1,129.3,2100.0,300.0,500.0,4400.0
223.4,374.6,168.0,301.6,2300.0,400.0,600.0,5500.0
239.2,398.0,165.7,271.6,1900.0,300.0,500.0,4700.0
189.9,375.4,162.3,264.8,2100.0,300.0,500.0,4400.0
206.5,402.6,177.6,273.5,2100.0,300.0,500.0,4400.0
215.3,393.3,167.5,285.6,2100.0,300.0,500.0,4400.0
110.2,364.1,160.6,184.2,2000.0,400.0,500.0,4200.0
204.5,380.5,151.0,286.1,2100.0,300.0,500.0,4800.0
35.0,284.8,129.5,130.3,2100.0,500.0,600.0,4400.0
38.9,313.4,148.8,136.3,2300.0,700.0,600.0,5600.0
255.5,405.4,184.3,300.9,2700.0,700.0,700.0,3600.0
242.3,414.8,173.6,270.4,1700.0,300.0,500.0,3900.0
97.3,333.5,158.3,165.1,2400.0,600.0,600.0,4300.0
223.4,409.4,188.3,300.4,2100.0,300.0,500.0,4400.0
30.7,279.2,141.3,126.4,2700.0,700.0,700.0,6000.0
41.2,328.1,164.0,140.9,2100.0,300.0,500.0,4400.0
188.5,386.2,161.2,303.8,1900.0,300.0,500.0,4700.0
222.0,389.8,174.2,281.0,2000.0,400.0,600.0,4900.0
52.4,307.5,145.3,148.9,2400.0,700.0,600.0,5400.0
31.0,301.5,160.0,124.9,2100.0,300.0,500.0,3900.0
220.0,390.1,171.9,301.4,1900.0,300.0,500.0,4700.0
184.8,361.8,152.2,257.6,2400.0,600.0,600.0,5200.0
227.3,404.8,174.2,300.2,2100.0,500.0,500.0,4400.0
204.2,379.4,154.5,261.9,2100.0,300.0,500.0,4400.0
50.1,293.9,136.3,135.6,2100.0,500.0,600.0,4400.0
242.8,408.3,181.0,267.7,2400.0,600.0,600.0,4000.0
225.1,382.2,170.1,268.4,2400.0,700.0,600.0,6000.0
33.0,316.0,141.9,145.2,2200.0,600.0,500.0,4300.0
215.8,365.2,143.0,270.4,2500.0,500.0,700.0,5200.0
262.0,464.9,204.7,335.0,1900.0,300.0,400.0,4200.0
229.6,428.1,191.7,294.4,2700.0,700.0,700.0,4800.0
238.4,396.9,178.7,298.7,2400.0,600.0,600.0,5200.0
40.1,306.3,151.6,143.6,2500.0,700.0,600.0,5400.0
200.0,382.0,168.6,285.4,2200.0,500.0,600.0,4900.0
193.0,354.1,157.7,256.3,2600.0,800.0,700.0,6000.0
212.7,405.1,178.2,279.6,2000.0,400.0,500.0,4900.0
207.9,358.4,149.9,280.1,2500.0,700.0,700.0,6000.0
274.6,397.7,191.1,242.8,1400.0,300.0,500.0,3900.0
249.0,367.8,183.7,240.6,1600.0,300.0,600.0,4300.0
221.2,343.4,171.9,215.2,1600.0,300.0,500.0,4600.0
229.1,342.0,179.3,200.4,2000.0,400.0,700.0,5100.0
239.7,370.3,183.7,230.7,1600.0,200.0,400.0,4100.0
219.7,349.1,184.3,225.8,1400.0,300.0,500.0,3900.0
227.1,348.2,184.8,216.0,1800.0,300.0,500.0,4600.0
229.9,373.2,171.9,252.0,1400.0,300.0,500.0,3600.0
255.2,362.1,182.2,200.2,1800.0,300.0,600.0,4800.0
270.7,372.3,180.5,219.3,1500.0,300.0,500.0,4300.0
269.9,367.8,192.3,238.2,1400.0,300.0,500.0,3900.0
290.4,405.1,206.4,298.9,1400.0,300.0,500.0,3900.0
236.9,343.1,171.9,238.2,1500.0,300.0,500.0,3900.0
246.0,387.3,193.4,222.2,1500.0,200.0,400.0,3500.0
83.5,361.5,167.5,158.8,1900.0,400.0,500.0,4400.0
255.8,383.6,192.9,255.9,1400.0,300.0,500.0,3800.0
232.2,331.6,169.2,199.7,1800.0,300.0,500.0,4600.0
263.1,360.7,196.9,229.3,1600.0,300.0,500.0,4200.0
256.6,388.8,202.4,234.6,1600.0,200.0,400.0,4100.0
270.7,375.7,192.3,247.7,1800.0,300.0,500.0,4600.0
283.1,389.8,189.4,244.7,1600.0,300.0,500.0,4100.0
220.9,327.0,164.0,208.7,1400.0,300.0,500.0,3900.0
229.6,355.9,173.6,211.6,1400.0,300.0,500.0,3900.0
221.7,356.4,169.2,230.9,1700.0,300.0,700.0,4800.0
278.6,390.7,199.5,254.0,1200.0,100.0,300.0,2600.0
234.4,348.5,174.2,225.6,1800.0,400.0,700.0,4200.0
206.2,309.2,165.2,214.7,1700.0,500.0,600.0,5000.0
259.2,365.2,191.1,241.9,1800.0,300.0,500.0,4600.0
258.1,369.2,182.2,241.1,1400.0,300.0,500.0,3900.0
241.1,355.9,179.3,232.6,1400.0,300.0,500.0,3900.0
277.8,393.3,202.4,213.5,1200.0,100.0,300.0,3300.0
274.2,360.5,195.2,236.0,1400.0,300.0,500.0,3900.0
269.9,371.7,207.0,233.1,1600.0,200.0,400.0,4100.0
248.2,375.9,186.6,222.7,1600.0,300.0,500.0,4300.0
241.1,344.6,169.2,205.1,1400.0,300.0,500.0,3900.0
235.5,340.6,177.0,218.1,1400.0,300.0,500.0,3900.0
187.4,268.2,125.1,133.1,1700.0,450.0,650.0,4000.0
178.6,259.7,121.1,184.0,1900.0,600.0,1000.0,5000.0
204.2,303.8,131.8,190.3,1900.0,450.0,900.0,5000.0
55.3,295.3,138.1,141.9,2100.0,600.0,600.0,5600.0
54.1,365.5,187.1,159.8,2000.0,400.0,500.0,4900.0
34.7,305.5,140.9,147.2,1800.0,300.0,500.0,4400.0
48.5,314.8,160.6,136.3,2500.0,600.0,600.0,5500.0
197.0,398.0,165.7,298.9,2000.0,400.0,600.0,4900.0
84.8,311.7,144.2,156.4,2100.0,500.0,600.0,5300.0
221.7,387.6,165.2,284.2,2300.0,400.0,500.0,4900.0
193.0,390.4,165.7,286.6,2200.0,500.0,600.0,5400.0
82.9,340.6,166.9,141.4,2000.0,400.0,600.0,4900.0
38.6,318.3,149.3,159.8,1800.0,300.0,500.0,4800.0
30.7,302.7,147.0,140.9,2000.0,400.0,600.0,5400.0
113.2,353.1,181.0,174.1,2000.0,400.0,600.0,4900.0
42.1,309.8,147.6,145.5,2100.0,400.0,600.0,4900.0
104.0,339.5,169.6,164.6,1900.0,300.0,500.0,4500.0
31.0,305.7,150.5,145.2,1800.0,300.0,500.0,4400.0
32.2,326.1,152.8,146.9,2100.0,400.0,600.0,5300.0
35.0,332.9,156.6,155.2,2000.0,400.0,600.0,4900.0
36.6,316.8,167.5,155.9,2200.0,400.0,600.0,5400.0
31.6,318.5,161.2,143.6,2300.0,400.0,600.0,5400.0
44.2,314.8,155.4,136.3,1900.0,300.0,500.0,5500.0
65.1,318.8,149.9,155.2,2400.0,400.0,600.0,4600.0
42.5,313.7,151.0,166.6,2500.0,600.0,700.0,6000.0
180.9,371.4,153.9,252.0,2200.0,400.0,600.0,5800.0
211.5,398.0,171.9,305.0,2400.0,600.0,600.0,5400.0
211.3,407.7,179.3,352.7,2000.0,400.0,600.0,4900.0
69.4,303.8,139.8,146.7,2400.0,600.0,700.0,6000.0
33.6,304.6,141.3,134.1,2100.0,600.0,600.0,6000.0
64.5,340.3,162.9,151.5,1700.0,300.0,500.0,4300.0
34.7,317.7,159.4,147.7,1800.0,300.0,500.0,4400.0
72.7,337.8,162.3,165.6,2000.0,400.0,600.0,4900.0
192.4,407.1,159.4,304.5,2000.0,400.0,600.0,4900.0
34.7,329.3,169.6,145.1,2600.0,700.0,800.0,6000.0
36.1,345.1,177.0,159.3,2100.0,300.0,500.0,4400.0
46.5,335.8,171.9,157.2,2000.0,400.0,600.0,4900.0
33.0,318.3,148.2,142.9,2000.0,400.0,600.0,5300.0
30.2,302.1,148.2,146.4,2100.0,300.0,500.0,4400.0
33.9,309.8,143.0,139.0,2100.0,400.0,600.0,4900.0
209.9,431.2,190.0,320.9,2100.0,400.0,600.0,4900.0
30.2,290.4,144.2,136.6,2000.0,400.0,600.0,4900.0
215.8,419.8,176.4,310.6,2000.0,400.0,600.0,4900.0
57.2,301.5,152.8,145.7,2200.0,600.0,600.0,5900.0
35.0,335.2,163.5,142.6,1900.0,300.0,500.0,5200.0
194.1,372.3,161.2,283.5,1800.0,300.0,500.0,4400.0
46.5,354.7,164.6,163.4,2000.0,400.0,600.0,4900.0
92.4,341.4,170.1,161.2,2100.0,400.0,600.0,4900.0
46.2,349.4,168.6,158.1,2000.0,400.0,600.0,4900.0
31.3,299.0,134.6,137.0,2100.0,500.0,600.0,6000.0
95.8,332.6,153.3,158.5,2100.0,500.0,600.0,4400.0
31.6,315.1,148.2,150.4,1900.0,300.0,500.0,4700.0
50.7,301.5,143.6,162.2,2100.0,500.0,600.0,5300.0
35.8,331.0,161.7,146.7,2100.0,500.0,600.0,4400.0
31.9,285.7,128.9,139.7,2600.0,600.0,700.0,6000.0
33.6,315.7,145.3,206.5,2200.0,600.0,600.0,4400.0
187.7,379.1,148.8,283.0,2500.0,500.0,700.0,5400.0
64.2,351.7,166.3,156.2,2100.0,300.0,500.0,5500.0
223.4,410.8,172.4,305.0,2300.0,700.0,700.0,6000.0
225.9,427.8,185.4,304.3,2100.0,300.0,500.0,5200.0
201.7,409.1,185.4,291.7,2100.0,500.0,600.0,4800.0
61.5,302.1,140.9,155.4,2100.0,500.0,600.0,4400.0
36.1,331.9,168.0,153.2,2100.0,500.0,600.0,4400.0
40.1,324.5,152.8,154.7,2100.0,600.0,600.0,5900.0
210.8,413.3,172.4,292.2,2500.0,600.0,600.0,4800.0
44.2,344.3,165.7,150.1,2100.0,500.0,600.0,4400.0
37.2,343.4,159.4,153.7,1900.0,300.0,500.0,4700.0
40.1,323.1,153.3,170.7,2100.0,500.0,600.0,4400.0
199.7,382.4,169.2,276.2,2300.0,600.0,600.0,6000.0
242.3,434.9,195.2,345.6,2100.0,500.0,600.0,4800.0
248.7,359.6,184.3,240.6,1400.0,300.0,500.0,3700.0
33.6,299.5,148.8,123.2,2100.0,500.0,600.0,4900.0
44.2,334.1,168.0,161.0,2000.0,400.0,600.0,4900.0
75.3,307.8,145.9,173.3,1800.0,300.0,500.0,4400.0
33.0,279.4,139.2,149.6,2200.0,300.0,500.0,4700.0
234.4,382.4,187.7,236.7,1400.0,300.0,500.0,3900.0
37.8,330.4,161.7,161.7,2000.0,400.0,600.0,4900.0
89.4,332.1,157.2,143.3,1800.0,300.0,500.0,5200.0
50.1,329.0,160.6,164.6,2500.0,600.0,600.0,5700.0
42.5,334.9,171.3,157.8,2100.0,300.0,600.0,5400.0
32.2,330.7,149.9,159.5,2100.0,500.0,600.0,4400.0
59.8,315.4,142.5,147.4,2900.0,700.0,700.0,6000.0
218.1,336.4,162.9,213.0,1700.0,400.0,600.0,4200.0
265.4,381.1,209.3,225.4,1400.0,300.0,500.0,3900.0
247.9,372.9,192.3,242.5,1400.0,300.0,500.0,3900.0
260.4,354.4,177.6,235.1,1400.0,300.0,500.0,3900.0
56.9,318.3,155.1,153.2,2000.0,400.0,600.0,5400.0
48.5,340.0,170.7,171.1,2100.0,300.0,500.0,4800.0
45.1,320.5,155.4,145.2,2100.0,500.0,600.0,4900.0
42.8,307.5,141.3,150.9,2300.0,500.0,600.0,5700.0
46.0,347.3,166.9,157.2,2100.0,300.0,500.0,4900.0
38.9,338.4,156.6,160.3,2100.0,300.0,500.0,4400.0
38.1,278.6,122.8,144.8,2000.0,400.0,600.0,4900.0
87.6,330.1,160.6,162.5,2000.0,400.0,600.0,4900.0
40.6,331.6,161.2,162.5,2300.0,600.0,600.0,4400.0
32.4,297.2,148.2,141.9,2300.0,400.0,600.0,5700.0
180.6,373.7,162.3,285.9,2900.0,800.0,700.0,6000.0
199.7,400.9,165.7,292.2,2100.0,300.0,500.0,4400.0
35.8,286.8,136.9,150.4,2400.0,600.0,600.0,5400.0
274.9,355.6,184.3,233.6,1400.0,300.0,500.0,3900.0
40.6,324.2,147.6,159.5,2300.0,500.0,700.0,4900.0
236.4,382.4,184.3,233.6,1500.0,300.0,500.0,3900.0
245.1,368.6,188.9,227.3,1600.0,200.0,500.0,4100.0
269.6,356.7,184.8,220.8,1300.0,200.0,400.0,4600.0
243.7,325.8,177.6,202.4,1800.0,300.0,500.0,4600.0
260.1,390.1,179.3,244.5,1600.0,200.0,400.0,3600.0
225.1,323.6,160.6,218.6,1400.0,300.0,500.0,3900.0
266.5,370.3,175.3,251.5,1400.0,300.0,500.0,3900.0
257.5,362.4,188.3,223.2,1400.0,300.0,500.0,3900.0
207.6,308.3,151.6,201.4,1900.0,500.0,700.0,5000.0
267.9,389.5,199.0,237.5,1400.0,300.0,500.0,3900.0
270.2,378.2,198.4,228.8,1500.0,200.0,400.0,3500.0
251.3,334.6,172.4,214.2,1500.0,300.0,600.0,3900.0
273.6,387.6,184.8,237.2,1800.0,300.0,500.0,4600.0
57.5,288.8,165.7,124.9,1400.0,300.0,500.0,3900.0
251.0,387.0,186.6,240.9,1400.0,300.0,500.0,3900.0
273.3,368.6,190.0,236.5,1600.0,300.0,500.0,4600.0
107.1,279.4,108.1,232.6,2000.0,300.0,600.0,4600.0
248.2,356.4,175.9,233.6,1600.0,300.0,500.0,3900.0
276.9,385.6,200.7,270.9,1800.0,300.0,500.0,4100.0
244.6,353.9,178.7,216.7,1400.0,300.0,500.0,3900.0
250.7,372.3,182.2,241.1,1400.0,300.0,500.0,4300.0
238.7,353.1,177.6,237.0,1400.0,300.0,500.0,3900.0
245.7,390.1,186.0,246.9,1400.0,300.0,500.0,3900.0
283.7,380.8,197.4,257.3,1800.0,300.0,500.0,4600.0
259.5,378.5,179.9,224.6,1800.0,300.0,500.0,5200.0
210.5,321.0,148.8,198.8,2100.0,600.0,800.0,5800.0
260.1,347.1,184.3,223.0,1600.0,300.0,500.0,3900.0
261.1,355.3,186.6,211.6,1200.0,200.0,400.0,3500.0
252.5,360.5,179.3,203.4,1800.0,300.0,500.0,4600.0
240.6,363.2,184.8,240.4,1000.0,100.0,200.0,2600.0
293.6,403.2,211.0,245.0,1400.0,300.0,500.0,3900.0
232.4,374.0,177.0,240.4,1400.0,300.0,500.0,3900.0
298.9,385.9,201.3,256.3,1400.0,300.0,500.0,3900.0
257.5,378.0,180.5,250.3,1400.0,300.0,500.0,3500.0
239.2,324.2,180.5,223.2,1400.0,300.0,500.0,3800.0
251.0,353.4,185.4,220.8,1600.0,300.0,500.0,4100.0
286.0,401.5,205.8,262.9,1200.0,100.0,300.0,2700.0
229.3,364.7,177.6,215.0,1700.0,300.0,600.0,4800.0
277.8,384.2,204.7,239.9,1400.0,300.0,500.0,3500.0
233.5,335.5,162.3,224.4,1700.0,300.0,600.0,4200.0
247.9,364.1,178.2,229.8,1400.0,300.0,500.0,3900.0
221.2,342.3,173.0,221.8,1800.0,300.0,600.0,4400.0
245.4,351.7,179.3,226.8,1400.0,300.0,500.0,3500.0
235.0,373.7,181.0,231.4,1400.0,300.0,500.0,3900.0
268.2,367.0,206.4,236.2,1600.0,200.0,400.0,4200.0
247.6,388.8,185.4,227.8,1400.0,300.0,500.0,3900.0
246.3,358.7,169.2,232.9,1800.0,300.0,500.0,4600.0
218.1,340.3,164.6,220.5,1600.0,300.0,500.0,4200.0
260.5,387.6,195.7,239.9,1400.0,300.0,500.0,3900.0
252.5,377.4,179.9,217.7,1400.0,300.0,500.0,3900.0
265.1,375.4,191.7,246.2,1400.0,300.0,500.0,3900.0
218.9,342.9,172.4,207.9,1800.0,300.0,500.0,4600.0
241.4,362.4,187.1,230.4,1400.0,300.0,500.0,4000.0
260.4,364.7,181.6,222.7,1700.0,300.0,600.0,4200.0
278.1,364.1,183.7,241.9,1400.0,300.0,500.0,3900.0
242.8,327.8,160.6,229.8,1800.0,300.0,500.0,4600.0
276.6,380.8,203.0,245.0,1800.0,300.0,500.0,4600.0
254.9,351.7,175.9,199.5,1400.0,300.0,500.0,3900.0
284.5,410.0,203.0,257.6,1400.0,300.0,500.0,3900.0
222.9,330.1,150.5,214.2,1400.0,300.0,500.0,3900.0
278.9,379.1,189.4,243.5,1400.0,300.0,500.0,3900.0
238.4,357.0,186.0,223.5,1800.0,300.0,500.0,4600.0
267.1,366.7,175.9,238.7,1400.0,300.0,500.0,3900.0
292.1,376.5,204.7,226.8,1400.0,200.0,500.0,3700.0
278.3,384.7,201.8,230.4,1800.0,300.0,500.0,4600.0
219.2,344.9,165.7,232.1,1500.0,200.0,400.0,3600.0
237.8,331.9,173.6,226.3,1600.0,300.0,600.0,4300.0
250.7,334.9,171.9,216.4,1400.0,300.0,500.0,3900.0
218.9,353.7,178.2,230.2,1800.0,300.0,600.0,5000.0
254.4,342.0,178.7,230.4,1400.0,300.0,500.0,3900.0
227.3,324.8,166.9,221.8,1600.0,400.0,600.0,5100.0
271.9,371.4,195.2,245.2,1800.0,300.0,500.0,4600.0
37.5,316.8,149.3,143.6,2500.0,700.0,600.0,5200.0
263.1,389.5,194.6,231.2,1400.0,300.0,500.0,3900.0
32.7,321.9,151.6,172.1,1900.0,300.0,500.0,4700.0
229.3,320.8,173.0,216.0,1800.0,500.0,700.0,4900.0
276.6,388.2,197.4,256.6,1400.0,300.0,500.0,4100.0
243.7,380.2,180.5,235.8,1400.0,300.0,500.0,3800.0
268.2,368.6,197.8,219.1,1400.0,300.0,500.0,3900.0
235.5,350.2,165.2,230.7,1400.0,300.0,500.0,3900.0
269.0,384.5,194.0,230.7,1800.0,300.0,500.0,4600.0
217.0,323.1,168.0,203.4,1800.0,300.0,700.0,4800.0
252.5,354.4,165.2,229.9,1800.0,300.0,500.0,4600.0
262.5,360.9,178.7,219.1,1800.0,300.0,500.0,4600.0
261.7,393.5,189.4,248.8,1500.0,200.0,400.0,3600.0
233.5,347.1,171.9,217.4,1800.0,300.0,500.0,4600.0
221.7,337.2,163.5,196.1,1800.0,300.0,500.0,4600.0
253.0,395.8,182.2,258.3,1800.0,300.0,500.0,4600.0
267.1,356.1,181.6,246.2,1400.0,300.0,500.0,3900.0
244.6,353.1,173.0,229.9,1400.0,300.0,500.0,3900.0
223.2,316.6,149.3,216.4,1800.0,300.0,600.0,5000.0
267.9,357.0,200.7,218.6,1400.0,300.0,500.0,3900.0
228.5,321.3,162.3,213.7,1800.0,300.0,500.0,4600.0
208.5,314.3,156.6,219.8,1700.0,400.0,600.0,5000.0
246.5,388.2,197.4,220.3,1400.0,300.0,500.0,3900.0
242.6,364.4,173.6,222.2,1800.0,300.0,500.0,4600.0
287.4,401.5,194.6,257.3,1400.0,300.0,500.0,3900.0
276.3,396.9,197.4,241.1,1400.0,300.0,500.0,3900.0
242.8,355.3,187.7,217.4,1800.0,300.0,500.0,4000.0
247.3,334.9,170.1,228.1,1400.0,300.0,600.0,4100.0
220.6,321.0,165.7,212.8,1400.0,300.0,500.0,3900.0
226.5,314.0,158.3,182.3,1400.0,300.0,500.0,3900.0
235.8,326.4,178.2,206.2,1400.0,300.0,500.0,3900.0
254.9,374.0,193.4,239.4,1600.0,300.0,500.0,4600.0
272.2,376.5,187.1,222.0,1400.0,200.0,400.0,3400.0
258.4,368.3,182.2,209.2,1400.0,300.0,500.0,3900.0
237.8,347.3,175.3,226.3,1400.0,300.0,500.0,3900.0
296.0,381.7,207.0,231.4,1400.0,300.0,500.0,3900.0
243.1,325.1,169.6,229.3,1400.0,300.0,500.0,3900.0
244.6,368.0,187.7,226.6,1200.0,200.0,400.0,2900.0
269.9,387.0,195.7,243.8,1500.0,200.0,400.0,3600.0
288.5,370.0,205.3,241.6,1400.0,300.0,500.0,3900.0
246.3,351.4,180.5,232.4,1400.0,300.0,500.0,3400.0
262.5,367.2,190.6,233.6,1400.0,300.0,500.0,3900.0
248.2,344.6,171.9,217.2,1600.0,300.0,600.0,4300.0
273.6,389.0,181.0,253.5,1500.0,300.0,500.0,3900.0
267.9,412.2,216.0,246.0,1200.0,200.0,400.0,3500.0
256.9,360.7,191.1,225.4,1400.0,300.0,500.0,3500.0
299.2,402.9,209.9,251.0,1500.0,300.0,500.0,3900.0
227.6,364.1,181.6,218.3,1400.0,300.0,500.0,3900.0
209.1,354.1,173.6,215.0,1400.0,300.0,500.0,3900.0
240.6,367.2,175.3,231.2,1300.0,200.0,400.0,4100.0
257.5,380.8,178.2,217.4,1500.0,300.0,600.0,3900.0
267.6,377.7,180.5,229.0,1800.0,300.0,500.0,4600.0
229.6,334.6,174.7,220.0,1800.0,300.0,500.0,4600.0
272.7,384.2,211.6,235.3,1800.0,300.0,500.0,4600.0
286.5,425.5,213.7,249.3,1400.0,300.0,500.0,3900.0
238.9,345.4,162.3,209.4,1000.0,200.0,400.0,3300.0
263.4,401.8,197.8,238.4,1400.0,300.0,500.0,3400.0
230.5,383.0,176.4,243.0,1400.0,300.0,500.0,3900.0
244.8,366.4,174.2,215.5,1500.0,200.0,400.0,4000.0
203.7,336.6,162.3,200.2,1400.0,300.0,500.0,3500.0
270.7,372.6,199.5,236.2,1400.0,300.0,500.0,3900.0
248.5,346.6,179.3,235.1,1500.0,200.0,500.0,3600.0
274.4,388.2,182.7,232.9,1200.0,200.0,400.0,3000.0
266.5,377.4,200.1,245.5,1400.0,300.0,500.0,3900.0
247.3,400.9,181.6,250.0,1300.0,100.0,300.0,3500.0
257.5,397.7,195.7,236.7,1000.0,0.0,200.0,2500.0
292.1,428.6,206.4,262.6,1400.0,300.0,500.0,3900.0
273.6,401.5,193.4,236.7,1800.0,300.0,500.0,4600.0
260.8,372.3,186.6,240.2,1100.0,200.0,400.0,3000.0
282.0,391.2,205.8,241.4,1400.0,300.0,500.0,3900.0
250.2,347.9,186.6,235.3,1800.0,300.0,500.0,4600.0
245.4,344.9,169.6,219.1,1200.0,200.0,400.0,3000.0
248.5,376.2,192.9,230.7,1400.0,300.0,500.0,3900.0
261.1,345.7,177.6,226.1,1400.0,300.0,500.0,3900.0
271.9,393.8,192.9,227.8,1800.0,300.0,500.0,4600.0
257.5,381.4,186.0,229.3,1800.0,300.0,600.0,4800.0
221.2,359.3,171.9,228.3,1400.0,300.0,500.0,3900.0
245.7,398.6,190.6,247.4,1800.0,300.0,500.0,4600.0
254.4,347.6,183.3,218.6,1800.0,300.0,500.0,4600.0
307.7,414.2,199.5,255.4,1400.0,300.0,500.0,2900.0
264.8,405.4,207.6,233.1,1200.0,200.0,400.0,3400.0
270.2,351.7,175.9,219.8,1800.0,300.0,500.0,4600.0
234.4,363.5,174.7,206.5,1400.0,300.0,500.0,3900.0
274.2,397.5,202.4,255.4,1400.0,300.0,500.0,3000.0
273.9,386.8,201.3,242.8,1400.0,300.0,500.0,3900.0
234.4,362.7,167.5,229.5,1300.0,100.0,400.0,3400.0
241.7,340.0,181.6,212.8,1400.0,200.0,400.0,3000.0
266.3,343.7,190.0,224.9,1300.0,200.0,400.0,3200.0
268.4,389.2,190.6,240.9,1400.0,300.0,500.0,3900.0
299.5,409.7,222.3,244.2,1400.0,300.0,500.0,3900.0
240.6,345.7,173.0,213.5,1400.0,300.0,500.0,3500.0
239.2,363.8,189.4,206.2,1200.0,300.0,500.0,3900.0
278.1,384.5,199.0,225.6,1400.0,300.0,500.0,3500.0
238.4,359.0,181.0,216.9,2900.0,600.0,800.0,6000.0
225.1,343.4,169.2,221.8,1400.0,300.0,500.0,3900.0
276.6,388.2,189.4,229.0,1400.0,300.0,500.0,3900.0
227.3,341.4,179.3,227.8,1400.0,300.0,500.0,3900.0
274.4,374.6,200.7,226.8,1400.0,300.0,500.0,3900.0
234.7,345.1,182.7,220.0,1800.0,300.0,500.0,4600.0
280.6,400.3,195.7,224.4,1800.0,300.0,500.0,4600.0
257.5,339.7,192.3,230.4,1400.0,300.0,500.0,3900.0
264.8,359.0,191.7,226.8,1200.0,200.0,400.0,3100.0
268.2,374.0,181.0,238.2,1400.0,300.0,500.0,3900.0
223.7,340.0,173.6,216.2,1200.0,200.0,400.0,2800.0
290.7,417.1,213.7,256.8,1800.0,300.0,500.0,4600.0
268.4,389.2,186.6,244.2,1400.0,300.0,500.0,3900.0
261.4,363.5,182.7,223.7,1400.0,300.0,500.0,3300.0
239.4,338.6,174.7,236.7,1800.0,300.0,500.0,4600.0
222.0,384.7,168.6,249.3,1400.0,300.0,500.0,3900.0
284.2,401.2,200.7,240.4,1500.0,200.0,500.0,4200.0
222.9,334.3,173.0,232.9,1800.0,500.0,700.0,5100.0
268.2,368.9,194.0,243.0,1900.0,300.0,600.0,4400.0
261.1,381.1,180.5,239.4,1700.0,450.0,500.0,4000.0
216.7,355.3,172.4,229.3,1600.0,200.0,600.0,4400.0
270.2,372.3,207.6,209.7,1700.0,450.0,650.0,4000.0
274.2,388.2,199.0,251.3,1400.0,300.0,500.0,3900.0
38.1,297.2,155.1,120.1,2200.0,600.0,900.0,5900.0
279.2,360.7,208.7,249.1,2700.0,900.0,900.0,5500.0
202.3,364.4,199.0,184.0,2000.0,500.0,600.0,5500.0
41.5,309.2,177.6,111.1,1600.0,400.0,500.0,5200.0
35.0,279.2,168.6,114.8,2000.0,500.0,600.0,5500.0
44.5,339.5,187.1,120.4,2000.0,500.0,600.0,5900.0
71.3,353.7,212.0,142.9,1900.0,400.0,500.0,4700.0
62.0,329.0,190.6,127.8,2000.0,500.0,600.0,5500.0
33.3,283.9,173.0,113.8,1600.0,300.0,500.0,5100.0
42.8,324.8,188.3,118.2,2000.0,500.0,600.0,5500.0
293.6,399.2,211.6,242.8,2000.0,500.0,600.0,5000.0
65.7,366.1,214.8,137.5,1700.0,300.0,400.0,3700.0
298.9,404.0,227.8,252.5,2000.0,500.0,600.0,5100.0
71.0,346.3,188.3,130.3,2000.0,500.0,600.0,5800.0
104.9,316.3,202.4,140.6,1800.0,400.0,600.0,3900.0
42.8,316.6,194.6,119.1,2000.0,500.0,600.0,5500.0
43.1,318.0,201.8,126.4,2000.0,500.0,600.0,4800.0
207.6,423.6,197.8,250.0,1800.0,400.0,500.0,5100.0
217.8,448.1,204.7,325.1,2000.0,500.0,500.0,4900.0
32.7,310.3,153.3,136.6,1800.0,400.0,500.0,5100.0
48.8,306.0,162.3,145.2,2000.0,500.0,500.0,5100.0
49.9,347.9,187.1,146.9,1800.0,400.0,500.0,5100.0
133.8,339.5,156.6,214.2,2300.0,600.0,600.0,5100.0
32.2,297.5,135.2,162.5,1800.0,400.0,500.0,5100.0
89.6,335.5,168.0,162.0,1800.0,400.0,500.0,5100.0
30.5,294.2,135.2,149.6,1800.0,400.0,500.0,5100.0
35.2,313.1,146.5,141.1,2000.0,500.0,500.0,5100.0
38.3,347.6,177.6,160.8,2300.0,600.0,600.0,6000.0
137.2,349.4,163.5,190.8,2800.0,800.0,600.0,6000.0
186.5,394.1,197.8,213.3,2000.0,500.0,500.0,4000.0
38.3,360.7,168.0,163.4,1900.0,400.0,500.0,5100.0
67.9,314.0,149.3,150.6,1900.0,500.0,500.0,5100.0
46.5,328.1,149.3,164.8,1800.0,400.0,500.0,5100.0
31.3,291.0,135.8,118.4,1800.0,400.0,500.0,5700.0
77.3,340.3,155.4,151.8,2200.0,600.0,600.0,6000.0
34.7,335.8,169.6,143.6,1800.0,400.0,500.0,5100.0
175.0,385.9,182.2,234.6,1800.0,400.0,500.0,5100.0
51.3,316.6,179.9,129.0,2000.0,500.0,600.0,5500.0
215.0,394.7,178.2,274.5,1800.0,400.0,500.0,5100.0
177.8,368.3,165.7,199.9,2000.0,500.0,500.0,5100.0
195.3,397.5,184.8,284.6,1800.0,400.0,500.0,5100.0
32.2,338.6,169.6,157.6,2000.0,400.0,500.0,5100.0
48.0,333.8,186.0,129.5,1700.0,300.0,500.0,4000.0
77.5,347.6,181.0,150.9,2000.0,500.0,500.0,5600.0
174.4,356.7,167.5,223.5,1800.0,400.0,500.0,5100.0
265.7,382.2,196.9,210.9,2000.0,500.0,600.0,5500.0
55.9,309.8,186.0,127.1,1900.0,500.0,600.0,5500.0
47.4,320.2,195.2,125.7,1900.0,500.0,600.0,5100.0
277.2,450.4,223.4,249.8,2000.0,500.0,600.0,5100.0
58.6,335.8,213.7,129.3,1600.0,400.0,500.0,4500.0
42.5,341.7,192.3,119.1,1800.0,400.0,600.0,5200.0
49.6,329.6,186.0,121.8,2000.0,500.0,600.0,5200.0
46.5,323.9,179.9,121.0,1700.0,400.0,500.0,5200.0
113.8,316.8,174.2,132.7,1900.0,400.0,500.0,4800.0
42.3,307.8,180.5,116.7,1700.0,300.0,500.0,4600.0
297.8,394.7,220.0,236.0,2100.0,500.0,600.0,5500.0
38.9,301.5,170.1,117.2,2000.0,500.0,600.0,5800.0
38.1,316.8,188.9,124.5,2000.0,500.0,600.0,5500.0
117.8,334.1,155.4,178.7,1800.0,400.0,500.0,5100.0
57.2,309.8,145.9,156.9,1800.0,400.0,500.0,5100.0
36.1,332.1,165.7,150.6,1800.0,400.0,500.0,5100.0
114.1,373.2,178.2,199.0,1800.0,400.0,500.0,5100.0
197.5,416.2,206.4,244.0,1800.0,400.0,500.0,3900.0
320.6,424.9,215.4,267.0,1800.0,400.0,500.0,4700.0
271.6,381.4,207.0,219.3,2200.0,600.0,700.0,5900.0
40.1,316.6,191.7,116.2,1900.0,400.0,600.0,5500.0
55.3,363.2,199.0,129.0,2000.0,500.0,600.0,5500.0
315.0,439.1,216.0,260.4,1700.0,300.0,500.0,4500.0
44.5,300.7,174.2,129.0,2000.0,500.0,600.0,5500.0
35.5,291.0,174.2,125.2,2000.0,500.0,600.0,5500.0
45.4,334.1,188.3,128.3,2000.0,500.0,600.0,5500.0
70.7,334.1,188.9,134.6,2000.0,500.0,600.0,4800.0
309.4,440.2,229.5,249.3,5400.0,800.0,900.0,5500.0
71.3,308.9,172.4,123.5,2000.0,500.0,600.0,5200.0
284.0,404.5,207.6,250.0,1800.0,400.0,500.0,4800.0
47.7,323.9,207.0,124.2,2100.0,500.0,600.0,5500.0
42.3,304.3,184.8,122.2,1800.0,400.0,500.0,5500.0
46.0,332.6,181.6,125.9,2000.0,500.0,600.0,5500.0
76.1,329.3,191.1,133.0,2000.0,500.0,600.0,5500.0
51.3,336.9,196.3,119.6,1800.0,400.0,500.0,4700.0
198.9,389.0,186.0,212.8,2800.0,700.0,800.0,5500.0
45.1,336.4,206.4,127.6,1800.0,400.0,500.0,5100.0
47.4,348.5,195.2,126.7,2500.0,700.0,800.0,5900.0
60.3,345.7,211.0,138.8,2000.0,500.0,600.0,5500.0
48.0,350.2,202.4,140.9,2000.0,500.0,600.0,5500.0
43.7,338.4,205.3,122.2,2000.0,500.0,600.0,4500.0
319.5,418.1,222.8,257.8,1800.0,400.0,500.0,5100.0
277.5,387.3,203.0,234.3,1800.0,400.0,600.0,5500.0
36.4,320.2,182.7,124.9,2000.0,500.0,600.0,5800.0
43.4,334.9,196.9,120.1,2000.0,500.0,600.0,5500.0
305.4,464.0,245.4,269.2,1800.0,400.0,500.0,4600.0
320.3,473.7,237.5,258.1,1900.0,400.0,500.0,4700.0
311.8,420.1,211.6,247.9,2000.0,500.0,600.0,5100.0
286.0,422.4,212.0,248.3,1900.0,400.0,500.0,5100.0
301.8,410.5,212.5,250.5,2000.0,500.0,600.0,5500.0
275.5,396.3,196.9,255.4,1700.0,400.0,500.0,4600.0
45.7,357.6,183.3,130.7,2500.0,600.0,700.0,5500.0
40.9,306.0,181.0,125.2,2000.0,500.0,600.0,4800.0
49.3,321.0,197.4,119.6,2300.0,600.0,700.0,5500.0
45.1,323.3,188.3,124.0,1500.0,300.0,400.0,4400.0
229.6,426.9,194.6,331.4,2200.0,600.0,500.0,5100.0
217.3,388.8,170.7,303.8,2000.0,400.0,500.0,5100.0
128.2,342.0,183.7,144.6,1800.0,400.0,500.0,5500.0
123.4,373.7,186.6,182.3,1800.0,400.0,500.0,5100.0
33.0,303.8,148.2,148.4,2000.0,300.0,500.0,4800.0
232.2,425.8,196.3,288.3,2000.0,400.0,600.0,4900.0
35.0,303.5,148.2,146.2,1800.0,300.0,500.0,4400.0
51.6,342.6,163.5,160.5,2000.0,400.0,600.0,5400.0
31.3,312.8,144.2,147.4,1800.0,300.0,500.0,4400.0
38.9,312.8,147.6,156.7,2100.0,400.0,600.0,5400.0
189.9,395.3,158.9,327.7,2000.0,400.0,600.0,4900.0
58.3,329.0,162.9,154.0,2000.0,400.0,600.0,4900.0
33.6,330.7,147.0,162.7,1700.0,300.0,500.0,4100.0
101.4,308.6,130.6,185.2,2000.0,400.0,600.0,4900.0
34.7,332.1,166.3,154.7,1800.0,300.0,500.0,4800.0
53.6,310.6,150.5,145.2,1800.0,300.0,500.0,4400.0
232.4,438.8,180.5,311.0,2400.0,600.0,600.0,5300.0
64.5,278.9,132.3,161.2,2000.0,400.0,600.0,4900.0
40.9,339.7,181.0,185.9,1800.0,300.0,500.0,4400.0
34.7,355.9,175.9,149.9,2100.0,500.0,600.0,4400.0
41.8,314.5,151.0,149.4,2100.0,400.0,600.0,5700.0
73.0,331.0,164.6,157.8,2100.0,500.0,600.0,4400.0
120.0,351.7,152.8,201.4,1800.0,300.0,500.0,4300.0
32.4,331.6,158.9,146.7,2100.0,300.0,500.0,4900.0
124.8,362.7,165.7,211.1,2100.0,300.0,500.0,4400.0
212.4,399.2,170.7,318.1,2600.0,700.0,700.0,5800.0
38.9,311.2,153.9,132.7,1800.0,400.0,500.0,5100.0
35.8,303.8,147.0,160.5,2200.0,500.0,600.0,5300.0
44.8,335.5,166.3,173.1,2000.0,400.0,600.0,4900.0
127.6,338.1,155.1,205.1,2000.0,400.0,600.0,4900.0
31.9,308.9,147.6,138.8,1800.0,300.0,500.0,4400.0
229.6,418.4,175.9,307.2,1900.0,300.0,500.0,4700.0
205.9,398.9,161.2,371.3,1800.0,300.0,500.0,4400.0
225.3,407.1,175.9,309.3,2100.0,400.0,600.0,4900.0
38.6,356.7,173.0,169.7,2000.0,400.0,600.0,4900.0
41.5,331.6,170.1,161.2,2000.0,400.0,600.0,4900.0
42.3,387.9,195.7,153.7,2100.0,300.0,500.0,4400.0
38.6,348.2,166.3,154.2,2300.0,400.0,600.0,5600.0
32.7,355.9,169.2,158.8,2100.0,300.0,500.0,4400.0
44.8,357.6,172.4,161.7,2100.0,500.0,500.0,4000.0
48.2,329.6,163.5,159.0,2100.0,300.0,500.0,5300.0
42.8,365.5,184.3,149.9,2100.0,500.0,600.0,4400.0
178.6,366.1,157.2,282.8,2300.0,500.0,600.0,4400.0
42.5,325.1,155.1,161.2,2100.0,600.0,600.0,5100.0
47.4,353.7,177.6,181.4,2100.0,500.0,600.0,4900.0
41.5,338.6,162.9,155.4,2100.0,500.0,600.0,4400.0
36.9,327.3,156.6,153.5,2100.0,500.0,600.0,4400.0
31.9,329.8,170.7,146.9,2100.0,500.0,600.0,4400.0
261.7,467.1,208.7,338.4,2100.0,500.0,600.0,4900.0
34.4,327.6,160.0,145.5,1900.0,300.0,500.0,4700.0
35.8,318.5,162.9,143.8,2100.0,500.0,600.0,4800.0
47.4,343.1,158.9,178.4,2100.0,300.0,500.0,5300.0
43.1,355.0,178.2,162.2,2100.0,500.0,600.0,4800.0
88.5,312.5,147.6,157.2,2100.0,600.0,600.0,5400.0
42.1,352.8,167.5,185.5,2200.0,500.0,600.0,4900.0
51.3,335.8,165.7,160.0,2000.0,400.0,600.0,5300.0
51.3,332.4,165.7,168.5,2100.0,300.0,500.0,4400.0
34.4,339.7,161.2,154.0,1800.0,300.0,500.0,4300.0
45.4,307.5,144.2,148.7,1800.0,300.0,500.0,5000.0
193.6,372.3,153.3,294.1,2300.0,700.0,700.0,6000.0
36.4,334.9,156.6,170.2,2100.0,500.0,600.0,4400.0
49.6,352.8,162.9,173.3,1900.0,300.0,500.0,5200.0
35.2,329.3,162.3,183.0,1800.0,300.0,500.0,4400.0
55.6,293.9,139.8,155.4,2900.0,800.0,800.0,5800.0
189.9,397.7,165.2,282.8,2200.0,600.0,600.0,5300.0
31.0,328.1,160.6,145.2,1900.0,400.0,500.0,5100.0
48.5,354.1,186.0,151.8,1600.0,400.0,400.0,4500.0
36.6,348.5,164.6,141.1,2000.0,500.0,500.0,5200.0
65.7,327.8,149.3,182.3,1800.0,400.0,500.0,5100.0
228.8,424.1,175.3,318.8,1800.0,400.0,500.0,5100.0
42.1,337.5,171.9,154.7,2400.0,600.0,600.0,6000.0
34.2,307.2,157.2,133.9,1800.0,400.0,500.0,5100.0
36.1,330.1,160.0,147.2,2000.0,500.0,600.0,5100.0
32.7,318.8,157.2,147.9,1800.0,400.0,500.0,5100.0
222.9,387.3,171.3,293.1,2300.0,600.0,600.0,6000.0
134.4,367.8,172.4,179.2,1800.0,400.0,500.0,5100.0
33.3,317.7,160.6,143.1,1800.0,400.0,500.0,5100.0
84.8,348.5,166.9,145.7,1700.0,400.0,300.0,5000.0
41.5,321.6,189.4,123.5,2000.0,500.0,600.0,5700.0
183.4,352.5,192.9,174.8,2000.0,500.0,600.0,5800.0
75.3,319.3,184.8,131.5,2000.0,500.0,600.0,5500.0
90.5,324.8,184.3,134.8,1700.0,400.0,500.0,5000.0
51.6,323.1,193.4,121.8,2000.0,500.0,600.0,5500.0
81.2,319.0,181.0,135.3,1700.0,400.0,500.0,4800.0
224.9,382.7,150.5,260.4,2600.0,1000.0,800.0,6000.0
212.4,402.3,159.4,282.8,2575.0,900.0,800.0,6000.0
260.4,409.4,182.2,268.7,2600.0,750.0,800.0,6000.0
238.4,389.8,171.3,261.7,2575.0,900.0,800.0,5400.0
236.7,409.7,187.7,273.3,2600.0,750.0,800.0,4700.0
244.6,401.5,177.6,281.5,2900.0,900.0,800.0,6000.0
242.8,422.4,188.9,302.8,2600.0,900.0,800.0,5700.0
36.6,280.3,141.3,120.9,2575.0,900.0,800.0,5900.0
242.0,395.8,170.7,275.7,2300.0,800.0,700.0,6000.0
214.4,391.5,158.3,281.8,2600.0,750.0,800.0,5800.0
254.6,405.1,169.6,276.5,2575.0,900.0,800.0,6000.0
239.7,406.8,171.9,285.1,2575.0,900.0,800.0,6000.0
220.9,362.4,165.7,255.9,1900.0,600.0,500.0,4500.0
186.5,317.7,136.3,243.5,2700.0,900.0,800.0,5500.0
210.5,432.6,184.3,293.4,2575.0,900.0,700.0,4900.0
243.1,411.9,172.4,283.2,2100.0,800.0,700.0,5000.0
241.1,393.8,164.0,270.7,2575.0,900.0,800.0,5500.0
248.2,411.6,184.8,289.5,2800.0,900.0,700.0,6000.0
241.4,397.7,170.1,271.4,2600.0,900.0,800.0,5800.0
225.6,404.3,174.7,262.6,2200.0,800.0,700.0,5000.0
253.5,408.0,177.0,266.2,2400.0,800.0,700.0,6000.0
235.0,419.6,170.7,295.8,2300.0,800.0,700.0,4500.0
222.0,384.5,152.2,273.0,2575.0,900.0,800.0,6000.0
256.1,428.6,183.3,315.6,2700.0,1000.0,800.0,6000.0
30.7,309.2,144.7,132.5,2400.0,900.0,700.0,4900.0
74.1,288.2,140.9,146.0,2400.0,900.0,700.0,5600.0
222.9,378.0,152.2,265.1,2575.0,900.0,800.0,6000.0
205.4,337.5,138.6,248.1,2575.0,900.0,800.0,5600.0
198.6,370.0,161.2,291.2,2575.0,900.0,800.0,5800.0
249.3,409.1,186.6,309.8,2575.0,900.0,800.0,5900.0
32.7,297.5,150.5,130.5,1900.0,600.0,500.0,4500.0
211.5,381.4,175.3,272.1,2700.0,900.0,700.0,6000.0
213.8,389.8,173.0,269.9,2575.0,900.0,800.0,4900.0
245.4,426.9,173.0,314.0,2575.0,900.0,800.0,4900.0
206.8,381.4,154.5,293.4,2600.0,750.0,800.0,5800.0
221.2,411.0,166.9,282.8,2575.0,900.0,700.0,4900.0
222.6,369.4,169.6,291.4,2900.0,1000.0,800.0,6000.0
218.6,406.0,172.4,264.4,2575.0,900.0,800.0,5900.0
249.9,421.3,190.0,296.3,2200.0,800.0,700.0,5000.0
237.2,457.2,199.5,318.3,2600.0,750.0,800.0,5800.0
233.5,411.6,172.4,282.0,2300.0,800.0,700.0,4900.0
230.8,388.8,175.3,280.8,2400.0,800.0,700.0,6000.0
273.0,446.7,187.7,317.1,2100.0,800.0,700.0,4500.0
221.7,412.5,171.9,290.0,2175.0,700.0,600.0,4500.0
221.7,380.8,170.7,266.2,2800.0,1000.0,900.0,6000.0
265.1,422.7,173.6,287.1,2600.0,750.0,800.0,6000.0
198.3,410.3,162.9,293.4,2600.0,750.0,800.0,5800.0
231.6,402.1,170.1,272.1,2150.0,800.0,700.0,4500.0
249.0,424.9,177.0,300.4,2400.0,900.0,800.0,6000.0
207.9,386.2,169.2,280.5,3100.0,1100.0,1000.0,6000.0
252.5,455.2,194.6,303.8,2250.0,800.0,700.0,4900.0
250.2,420.7,191.1,304.8,2400.0,900.0,700.0,4500.0
241.7,395.5,164.6,272.5,2700.0,1000.0,900.0,6000.0
253.0,386.2,176.4,263.9,2188.0,800.0,700.0,6000.0
250.7,388.2,180.5,280.8,2600.0,1000.0,800.0,6000.0
175.3,307.8,132.9,229.3,2575.0,900.0,800.0,6000.0
158.3,299.8,128.3,232.6,2600.0,750.0,800.0,5800.0
156.6,298.7,121.1,238.2,2900.0,1100.0,900.0,6000.0
148.2,293.3,116.5,236.5,2575.0,900.0,800.0,5400.0
129.9,253.7,95.7,204.6,3800.0,1400.0,1300.0,6000.0
178.6,320.8,139.8,243.8,2400.0,900.0,800.0,6000.0
241.7,423.0,176.4,280.3,2575.0,900.0,800.0,4900.0
258.4,423.3,175.9,292.7,2800.0,1100.0,1000.0,6000.0
207.6,371.7,153.3,275.0,4200.0,1300.0,1100.0,6000.0
212.7,373.2,164.6,259.5,2600.0,900.0,800.0,6000.0
214.4,402.6,157.2,299.4,2575.0,900.0,800.0,5400.0
242.0,406.5,164.0,283.0,3100.0,1200.0,1100.0,6000.0
246.7,399.5,182.2,299.2,2575.0,900.0,800.0,4900.0
225.1,411.6,173.0,293.4,2800.0,1000.0,800.0,6000.0
228.2,392.4,178.2,350.3,2575.0,900.0,800.0,4900.0
205.1,389.2,168.0,275.2,2550.0,900.0,800.0,5800.0
214.7,395.5,173.6,371.6,2400.0,900.0,700.0,4500.0
167.7,309.8,127.2,208.7,2700.0,900.0,800.0,6000.0
