FF SN,SF SN,lv-R,lv-G,lv-B,lv-W,mix_W_2000_r_ratio_current,mix_W_2000_g_ratio_current,mix_W_2000_b_ratio_current,w_4000_current
4Q3XF2JJ02003N,4Q0YM76J0Q00CF,213.5,380.8,165.2,269.7,2400.0,600.0,600.0,5200.0
4Q3XF2JJ02003Q,4Q0YM76J0Q0056,242.8,457.2,183.7,324.6,1700.0,300.0,400.0,4200.0
4Q3XF2JJ02003R,4Q0YM76J0Q007M,30.7,300.4,156.0,147.4,2100.0,500.0,600.0,4800.0
4Q3XF2JJ02003T,4Q0YM76J0Q003N,187.7,341.1,145.3,260.0,2100.0,400.0,500.0,5900.0
4Q3XF2JJ020048,4Q0YM76J0Q006D,200.3,370.6,160.6,262.4,2100.0,500.0,600.0,5600.0
4Q3XF2JJ02004B,4Q0YM76J0Q00HF,200.3,371.4,164.0,264.4,2100.0,500.0,600.0,4400.0
4Q3XF2JJ02004T,4Q0YM76J0N008D,233.5,410.0,184.3,270.4,2000.0,400.0,500.0,4400.0
4Q3XF2JJ02004W,4Q0YM76J0Q00FG,164.8,341.1,168.0,170.7,2100.0,300.0,500.0,4400.0
4Q3XF2JJ02004X,4Q0YM76J0Q003C,260.8,417.5,177.6,287.6,2100.0,300.0,500.0,4400.0
4Q3XF2JJ020055,4Q0YM76J0Q008C,238.4,431.2,196.3,324.4,1900.0,300.0,500.0,4700.0
4Q3XF2JJ020056,4Q0YM76J0Q009Q,200.3,360.2,149.3,270.7,2000.0,300.0,500.0,4700.0
4Q3XF2JJ02005D,4Q0YM76J0Q00CP,227.9,417.8,176.4,324.4,2300.0,300.0,500.0,5500.0
4Q3XF2JJ02005F,4Q0YM76J0N003C,223.2,371.4,158.9,266.1,2000.0,400.0,600.0,4900.0
4Q3XF2JJ02005P,4Q0YM76J0Q006T,232.2,418.4,169.2,296.7,2100.0,500.0,600.0,4400.0
4Q3XF2JJ02005T,4Q0YM76J0N004P,30.5,307.8,153.9,134.6,2000.0,400.0,500.0,4900.0
4Q3XF2JJ02005Y,4Q0YM76J0Q001B,213.3,405.7,158.3,280.3,2300.0,300.0,500.0,4800.0
4Q3XF2JJ020061,4Q0YM76J0Q005B,233.8,417.5,173.0,311.8,2100.0,500.0,600.0,4400.0
4Q3XF2JJ020067,4Q0YM76J0N002G,231.9,400.0,175.9,272.1,2000.0,400.0,600.0,4900.0
4Q3XF2JJ020069,4Q0YM76J0Q00CC,238.9,413.9,178.7,294.4,1800.0,400.0,500.0,4400.0
4Q3XF2JJ02006D,4Q0YM76J0Q008N,238.1,385.9,167.5,298.0,2200.0,600.0,600.0,5500.0
4Q3XF2JJ02006K,4Q0YM76J0Q00GT,200.9,374.9,146.5,280.1,2300.0,600.0,600.0,4000.0
4Q3XF2JJ02006S,4Q0YM76J0N002M,30.5,282.6,130.6,135.8,2000.0,400.0,600.0,4900.0
4Q3XF2JJ020074,4Q0YM76J0Q001M,256.6,417.8,174.2,307.9,2100.0,600.0,600.0,4100.0
4Q3XF2JJ02007F,4Q0YM76J0Q0053,223.2,364.7,152.2,247.2,2300.0,600.0,700.0,4200.0
4Q3XF2JJ02007K,4Q0YM76J0Q0045,236.7,397.2,169.6,276.7,1900.0,300.0,500.0,5700.0
4Q3XF2JJ02007S,4Q0YM76J0Q006J,226.8,402.1,169.2,270.4,2100.0,500.0,600.0,4400.0
4Q3XF2JJ02007W,4Q0YM76J0Q003Q,219.7,382.0,158.3,269.2,2200.0,500.0,600.0,4400.0
4Q3XF2JJ02007Y,4Q0YM76J0Q006M,237.5,381.1,162.9,259.3,2100.0,500.0,600.0,5300.0
4Q3XF2JJ02007Z,4Q0YM76J0Q007D,209.6,383.6,168.0,272.8,2100.0,500.0,600.0,4800.0
4Q3XF2JJ020084,4Q0YM76J0Q007G,220.9,411.3,180.5,283.0,1900.0,300.0,500.0,4700.0
4Q3XF2JJ02008F,4Q0YM76J0Q00G1,203.7,357.9,149.3,254.9,2100.0,300.0,500.0,4300.0
4Q3XF2JJ02008J,4Q0YM76J0N006J,231.9,406.8,175.9,273.3,2000.0,400.0,500.0,4900.0
4Q3XF2JJ02008L,4Q0YM76J0Q00F5,243.1,392.7,171.3,284.0,2900.0,900.0,900.0,6000.0
4Q3XF2JJ02008P,4Q0YM76J0Q00C4,197.2,375.7,156.6,260.4,2600.0,800.0,700.0,6000.0
4Q3XF2JJ02008X,4Q0YM76J0Q004P,235.5,402.9,181.0,284.2,2100.0,700.0,600.0,4400.0
4Q3XF2JJ02009B,4Q0YM76J0Q00C9,255.8,422.4,170.7,288.6,2100.0,300.0,500.0,4400.0
4Q3XF2JJ02009C,4Q0YM76J0Q00B2,186.5,329.0,134.0,268.7,2500.0,700.0,700.0,5600.0
4Q3XF2JJ02009H,4Q0YM76J0N0021,218.6,403.7,162.9,287.3,2000.0,400.0,600.0,4900.0
4Q3XF2JJ02009K,4Q0YM76J0Q0057,220.9,404.0,175.9,290.0,1900.0,300.0,500.0,4700.0
4Q3XF2JJ02009P,4Q0YM76J0Q00H9,253.5,419.0,186.6,295.3,2100.0,500.0,500.0,4400.0
4Q3XF2JJ02009R,4Q0YM76J0Q00H0,201.2,363.5,162.3,282.5,2000.0,300.0,500.0,5200.0
4Q3XF2JJ02009W,4Q0YM76J0Q00B9,242.6,422.1,186.6,320.9,2300.0,400.0,600.0,5100.0
4Q3XF2JJ02009Z,4Q0YM76J0Q0052,244.8,413.9,190.0,286.6,1400.0,300.0,500.0,3600.0
4Q3XF2JJ0200B2,4Q0YM76J0Q006F,188.5,351.9,158.9,266.2,2100.0,500.0,600.0,5800.0
4Q3XF2JJ0200B3,4Q0YM76J0Q003V,237.2,398.3,159.4,279.3,2400.0,600.0,600.0,4100.0
4Q3XF2JJ0200B8,4Q0YM76J0Q000W,216.7,397.2,178.2,293.6,1800.0,300.0,400.0,4400.0
4Q3XF2JJ0200B9,4Q0YM76J0Q00BG,208.8,364.9,165.2,271.9,2400.0,600.0,600.0,5100.0
4Q3XF2JJ000065,4Q0YM76J0N0043,73.0,335.8,149.9,154.0,2600.0,500.0,600.0,5800.0
4Q3XF2JJ0100HQ,4Q0YM76J0Q00G2,218.3,379.4,151.6,268.4,2400.0,600.0,600.0,5400.0
4Q3XF2JJ00001Y,4Q0YM76J0N00B0,33.3,304.1,147.0,135.3,2000.0,400.0,600.0,4900.0
4Q3XF2JHCZ000V,4Q0YM76J0N0095,34.4,317.1,148.2,167.8,2200.0,500.0,600.0,5600.0
4Q3XF2JJ00001S,4Q0YM76J0N009P,248.2,427.2,186.0,278.2,1400.0,300.0,500.0,3900.0
4Q3XF2JJ01009Z,4Q0YM76J0Q00G3,256.6,424.6,195.2,288.8,2100.0,500.0,500.0,4000.0
4Q3XF2JJ01003N,4Q0YM76J0Q00DT,244.6,398.3,166.9,273.5,2100.0,300.0,500.0,5900.0
4Q3XF2JJ010003,4Q0YM76J0N009V,74.1,293.6,136.9,144.1,2000.0,400.0,500.0,5600.0
4Q3XF2JJ010081,4Q0YM76J0N00BG,212.4,387.3,165.2,288.8,2300.0,400.0,600.0,6000.0
4Q3XF2JJ01008L,4Q0YM76J0N009F,237.2,402.3,167.5,285.1,2000.0,400.0,600.0,4900.0
4Q3XF2JJ0100DD,4Q0YM76J0N009L,204.5,390.1,156.6,311.0,1400.0,300.0,500.0,3900.0
4Q3XF2JJ00000V,4Q0YM76J0N00B3,210.5,383.9,156.0,291.2,2600.0,900.0,800.0,6000.0
4Q3XF2JJ000018,4Q0YM76J0N00BC,171.0,380.2,172.4,208.4,1900.0,300.0,500.0,4400.0
4Q3XF2JJ01006F,4Q0YM76J0Q0004,215.0,387.6,166.9,284.6,2000.0,400.0,600.0,4900.0
4Q3XF2JJ01000P,4Q0YM76J0N009H,230.8,404.0,177.6,284.0,2000.0,400.0,600.0,5300.0
4Q3XF2JJ01004F,4Q0YM76J0N004S,233.2,410.8,184.3,302.4,2200.0,500.0,600.0,4900.0
4Q3XF2JJ0100HX,4Q0YM76J0Q00FD,203.7,366.1,143.6,266.7,2100.0,300.0,500.0,3900.0
4Q3XF2JJ0100JP,4Q0YM76J0Q00F3,202.6,387.9,162.3,276.5,2300.0,600.0,600.0,4000.0
4Q3XF2JJ010015,4Q0YM76J0N0041,31.9,310.1,152.2,136.3,2000.0,400.0,600.0,4900.0
4Q3XF2JJ0100HC,4Q0YM76J0Q00FJ,228.5,403.7,166.9,287.6,2000.0,500.0,500.0,4000.0
4Q3XF2JJ010075,4Q0YM76J0N00BF,240.8,420.7,183.3,286.6,1800.0,300.0,500.0,4800.0
4Q3XF2JJ00005N,4Q0YM76J0Q0003,32.2,262.1,133.5,115.2,2400.0,600.0,600.0,6000.0
4Q3XF2JJ02001C,4Q0YM76J0Q00DC,221.2,382.4,170.1,259.3,2100.0,400.0,500.0,5300.0
4Q3XF2JJ000061,4Q0YM76J0Q00GB,244.3,431.2,191.7,304.0,2400.0,600.0,600.0,4000.0
4Q3XF2JJ01009Y,4Q0YM76J0Q0055,223.2,389.2,148.8,307.0,2100.0,700.0,600.0,4400.0
4Q3XF2JJ00000Y,4Q0YM76J0Q0018,44.5,371.7,158.3,176.9,2100.0,300.0,500.0,4400.0
4Q3XF2JJ01006K,4Q0YM76J0Q0039,195.0,371.7,161.2,265.1,2300.0,300.0,500.0,6000.0
4Q3XF2JJ0100H1,4Q0YM76J0N0042,218.9,386.2,156.6,288.6,2000.0,400.0,600.0,5300.0
4Q3XF2JJ01006M,4Q0YM76J0Q007C,233.0,399.2,168.0,291.9,2100.0,600.0,600.0,4400.0
4Q3XF2JJ01007K,4Q0YM76J0Q005K,218.9,376.5,161.7,298.7,2100.0,500.0,600.0,4400.0
4Q3XF2JJ01005J,4Q0YM76J0Q00HB,226.2,374.3,161.7,280.8,2100.0,600.0,600.0,4400.0
4Q3XF2JJ000045,4Q0YM76J0Q00C7,55.3,331.0,158.3,154.2,2100.0,500.0,600.0,4400.0
4Q3XF2JJ0100CH,4Q0YM76J0Q00DL,196.4,349.1,149.3,246.2,2100.0,300.0,500.0,5000.0
4Q3XF2JJ010067,4Q0YM76J0Q00HN,184.8,358.7,148.8,260.7,2300.0,600.0,700.0,5600.0
4Q3XF2JJ0100DH,4Q0YM76J0Q0079,204.0,375.7,158.3,289.8,2500.0,700.0,700.0,5500.0
4Q3XF2JHCY004X,4Q0YM76J0Q0026,37.2,359.6,176.4,166.8,2400.0,600.0,600.0,4400.0
4Q3XF2JHCZ0020,4Q0YM76J0Q007R,93.8,348.5,164.6,164.1,2100.0,500.0,600.0,4800.0
4Q3XF2JJ00000C,4Q0YM76J0Q00BH,40.9,301.0,142.5,138.8,1900.0,300.0,500.0,4700.0
4Q3XF2JJ010073,4Q0YM76J0Q00BK,215.0,402.6,174.2,329.9,1900.0,300.0,500.0,4700.0
4Q3XF2JJ02001S,4Q0YM76J0Q00H4,243.1,437.7,178.7,307.7,2200.0,600.0,600.0,4100.0
4Q3XF2JJ0100J0,4Q0YM76J0Q00CL,266.3,451.9,193.4,396.5,1800.0,300.0,400.0,3300.0
4Q3XF2JJ01000H,4Q0YM76J0Q00BN,240.6,402.9,170.1,291.7,2100.0,500.0,600.0,4800.0
4Q3XF2JJ0100BP,4Q0YM76J0N0040,218.1,385.0,155.4,301.9,2000.0,400.0,600.0,4900.0
4Q3XF2JJ010053,4Q0YM76J0Q00HM,240.0,406.8,179.3,294.9,2100.0,500.0,600.0,4800.0
4Q3XF2JHCY006D,4Q0YM76J0Q006H,37.5,327.8,160.6,172.4,2100.0,500.0,500.0,4400.0
4Q3XF2JJ00000M,4Q0YM76J0Q00BD,268.2,426.9,180.5,262.2,1700.0,300.0,500.0,4700.0
4Q3XF2JJ00004F,4Q0YM76J0Q007L,131.3,309.8,140.4,173.1,2100.0,600.0,600.0,5900.0
4Q3XF2JJ01008M,4Q0YM76J0Q00B6,214.7,354.1,161.2,252.3,1700.0,300.0,500.0,4200.0
4Q3XF2JJ0100J9,4Q0YM76J0Q004G,221.2,383.3,170.1,260.7,2100.0,500.0,600.0,4400.0
4Q3XF2JJ0100GV,4Q0YM76J0N0091,238.4,386.2,174.2,250.8,2100.0,300.0,500.0,4900.0
4Q3XF2JJ0100B7,4Q0YM76J0Q008J,212.4,381.1,172.4,269.9,2100.0,500.0,600.0,4400.0
4Q3XF2JJ01002S,4Q0YM76J0Q006K,232.2,406.8,168.0,296.3,2100.0,500.0,600.0,4400.0
4Q3XF2JHCY003S,4Q0YM76J0Q00CJ,38.9,376.5,176.4,161.0,2100.0,300.0,500.0,4400.0
4Q3XF2JJ02000H,4Q0YM76J0Q001D,214.4,365.5,151.6,257.3,2400.0,700.0,600.0,5700.0
4Q3XF2JJ010038,4Q0YM76J0Q0051,224.0,399.5,164.0,290.9,2100.0,600.0,600.0,4400.0
4Q3XF2JJ02001K,4Q0YM76J0Q008Q,239.2,417.5,171.3,292.4,2100.0,500.0,600.0,4400.0
4Q3XF2JJ01004N,4Q0YM76J0N004H,30.2,280.9,145.3,138.0,2000.0,400.0,600.0,4900.0
4Q3XF2JJ0100DC,4Q0YM76J0Q0047,233.0,406.3,183.3,284.9,2100.0,500.0,600.0,4400.0
4Q3XF2JJ00001P,4Q0YM76J0Q001Q,33.0,325.1,164.0,140.2,2400.0,600.0,600.0,4700.0
4Q3XF2JJ000020,4Q0YM76J0N009X,61.2,342.6,168.0,153.7,2000.0,400.0,600.0,4900.0
4Q3XF2JJ00005H,4Q0YM76J0Q007N,235.0,412.8,173.0,293.9,2100.0,500.0,600.0,4400.0
4Q3XF2JJ0100DX,4Q0YM76J0Q0089,235.8,406.0,170.7,277.9,2100.0,500.0,600.0,4400.0
4Q3XF2JJ00006H,4Q0YM76J0Q009C,49.3,321.3,151.0,145.7,2100.0,500.0,600.0,5300.0
4Q3XF2JJ00005C,4Q0YM76J0Q009S,78.6,369.2,166.9,170.7,1900.0,300.0,500.0,4700.0
4Q3XF2JJ0100DJ,4Q0YM76J0Q004L,245.1,415.1,174.7,297.2,1900.0,300.0,500.0,5100.0
4Q3XF2JJ00003J,4Q0YM76J0Q004D,48.5,341.1,169.2,171.9,1900.0,300.0,500.0,5200.0
4Q3XF2JJ00003G,4Q0YM76J0Q003G,208.8,378.5,160.0,272.3,2100.0,300.0,500.0,4400.0
4Q3XF2JJ00003S,4Q0YM76J0Q004F,243.4,460.6,187.1,317.1,1900.0,300.0,500.0,4300.0
4Q3XF2JJ00005Q,4Q0YM76J0Q00BJ,111.6,351.1,169.6,162.5,1900.0,300.0,500.0,4400.0
4Q3XF2JJ0100HD,4Q0YM76J0Q005H,265.7,444.8,199.5,329.2,1900.0,300.0,500.0,4700.0
4Q3XF2JHCZ0025,4Q0YM76J0Q003P,176.6,342.9,151.6,207.0,2100.0,500.0,600.0,4900.0
4Q3XF2JJ010043,4Q0YM76J0Q004X,238.4,399.5,160.0,263.4,2100.0,500.0,600.0,4400.0
4Q3XF2JJ00002M,4Q0YM76J0Q00CS,241.7,412.2,177.6,284.2,2100.0,300.0,500.0,4800.0
4Q3XF2JJ0100C6,4Q0YM76J0N009W,237.2,410.3,163.5,347.8,1800.0,300.0,500.0,4400.0
4Q3XF2JJ0100JM,4Q0YM76J0Q0074,203.7,371.7,150.5,279.6,2300.0,700.0,700.0,5900.0
4Q3XF2JHCY0059,4Q0YM76J0Q008R,56.3,310.3,138.6,141.9,2100.0,500.0,600.0,4800.0
4Q3XF2JJ010072,4Q0YM76J0Q0095,215.5,385.3,154.5,285.9,1900.0,300.0,600.0,5100.0
4Q3XF2JJ0100B2,4Q0YM76J0Q006R,218.6,376.8,157.7,284.2,2100.0,600.0,600.0,5500.0
4Q3XF2JJ00002C,4Q0YM76J0Q002C,34.4,323.1,149.3,150.1,2100.0,300.0,500.0,4400.0
4Q3XF2JJ01004Y,4Q0YM76J0Q0023,222.9,396.9,160.6,300.9,2100.0,300.0,500.0,4400.0
4Q3XF2JJ010008,4Q0YM76J0Q00C5,209.1,390.1,174.7,261.4,2100.0,300.0,500.0,4400.0
4Q3XF2JJ00005J,4Q0YM76J0Q003D,231.9,379.1,164.0,260.2,2100.0,300.0,500.0,4900.0
4Q3XF2JJ000006,4Q0YM76J0Q003S,189.9,354.7,150.5,237.7,2100.0,300.0,500.0,4800.0
4Q3XF2JHCZ001G,4Q0YM76J0Q00CM,52.7,358.7,179.3,161.2,2400.0,600.0,500.0,4100.0
4Q3XF2JJ000088,4Q0YM76J0Q006S,228.2,401.8,174.7,285.9,2100.0,500.0,600.0,4400.0
4Q3XF2JJ010010,4Q0YM76J0Q0022,203.7,376.2,157.2,266.2,2100.0,500.0,600.0,4800.0
4Q3XF2JJ000081,4Q0YM76J0Q0071,217.8,397.5,165.2,379.8,2100.0,500.0,600.0,4400.0
4Q3XF2JJ0100FQ,4Q0YM76J0Q007K,241.4,430.1,200.1,315.4,1900.0,400.0,500.0,4400.0
4Q3XF2JJ01001G,4Q0YM76J0Q002K,213.8,399.5,155.1,294.6,2400.0,600.0,600.0,5000.0
4Q3XF2JJ010025,4Q0YM76J0Q009X,205.4,388.5,157.2,297.2,2100.0,300.0,500.0,4400.0
4Q3XF2JJ01001F,4Q0YM76J0Q000S,235.8,416.2,173.6,270.4,2100.0,300.0,500.0,4800.0
4Q3XF2JJ020001,4Q0YM76J0Q00D0,235.0,409.1,170.1,287.3,2100.0,300.0,500.0,4400.0
4Q3XF2JJ0100CC,4Q0YM76J0Q0078,233.5,418.1,187.1,298.9,1900.0,300.0,500.0,4700.0
4Q3XF2JJ01001D,4Q0YM76J0Q007Q,229.1,424.1,181.6,339.8,2100.0,500.0,500.0,4400.0
4Q3XF2JJ00008B,4Q0YM76J0Q007S,227.9,415.1,173.0,292.7,2100.0,500.0,600.0,4800.0
4Q3XF2JJ01003M,4Q0YM76J0Q003K,206.5,403.7,170.1,291.2,2100.0,300.0,500.0,4400.0
4Q3XF2JJ000060,4Q0YM76J0Q00GS,49.9,327.0,157.7,150.1,2400.0,600.0,600.0,5800.0
4Q3XF2JJ0100G6,4Q0YM76J0Q00G6,205.6,380.0,154.5,277.0,2100.0,300.0,500.0,5300.0
4Q3XF2JJ0100G9,4Q0YM76J0Q00FW,56.6,268.4,123.9,131.7,2300.0,500.0,600.0,6000.0
4Q3XF2JJ010054,4Q0YM76J0Q006W,205.9,379.4,164.0,270.9,2100.0,500.0,600.0,5600.0
4Q3XF2JJ010061,4Q0YM76J0Q002J,200.3,362.7,147.6,260.2,2300.0,600.0,600.0,5600.0
4Q3XF2JJ0100JV,4Q0YM76J0Q008M,230.8,428.9,190.6,305.0,2100.0,500.0,600.0,4400.0
4Q3XF2JJ01003B,4Q0YM76J0Q00FF,211.5,378.8,171.3,284.4,2200.0,300.0,500.0,5300.0
4Q3XF2JJ0100F1,4Q0YM76J0Q003M,251.9,416.8,188.3,285.4,1900.0,300.0,500.0,4700.0
4Q3XF2JJ01009D,4Q0YM76J0Q007V,224.6,380.5,166.9,277.2,2100.0,500.0,600.0,5300.0
4Q3XF2JJ01007V,4Q0YM76J0Q00B8,210.8,357.6,160.0,269.2,1900.0,300.0,500.0,4700.0
4Q3XF2JJ01006R,4Q0YM76J0Q00CG,240.3,408.3,173.0,285.4,2100.0,300.0,500.0,5400.0
4Q3XF2JJ01009Q,4Q0YM76J0Q00DS,200.3,349.6,148.8,270.9,2400.0,600.0,600.0,4400.0
4Q3XF2JJ00003F,4Q0YM76J0N009G,213.5,357.6,151.6,249.1,2400.0,600.0,600.0,4000.0
4Q3XF2JJ01001M,4Q0YM76J0Q007X,164.8,368.9,153.3,220.5,2100.0,500.0,600.0,4400.0
4Q3XF2JJ00003N,4Q0YM76J0Q009G,273.0,437.2,186.6,290.4,1900.0,300.0,500.0,4700.0
4Q3XF2JJ01003X,4Q0YM76J0Q0091,237.8,416.8,190.0,313.5,2100.0,500.0,600.0,4400.0
4Q3XF2JJ01006W,4Q0YM76J0Q0099,203.7,366.4,151.6,255.1,1900.0,500.0,600.0,6000.0
4Q3XF2JJ01008V,4Q0YM76J0Q00C2,245.4,438.0,186.6,304.5,2100.0,300.0,500.0,4800.0
4Q3XF2JJ010059,4Q0YM76J0Q008H,189.4,359.9,155.4,315.1,1500.0,300.0,500.0,3900.0
4Q3XF2JJ0100FB,4Q0YM76J0Q00B5,227.1,391.0,164.0,286.1,2100.0,300.0,500.0,5700.0
4Q3XF2JJ010005,4Q0YM76J0Q0040,213.8,391.0,168.0,282.3,2100.0,300.0,400.0,4400.0
4Q3XF2JJ01002D,4Q0YM76J0Q000R,228.8,399.5,169.6,306.5,2100.0,300.0,500.0,4400.0
4Q3XF2JHCY005N,4Q0YM76J0Q00B7,35.2,295.6,141.3,133.9,2000.0,400.0,600.0,4800.0
4Q3XF2JJ00006V,4Q0YM76J0Q007T,47.1,332.1,157.2,152.7,1900.0,300.0,500.0,4700.0
4Q3XF2JJ01004X,4Q0YM76J0Q0059,223.7,408.0,164.6,303.5,2100.0,500.0,600.0,4400.0
4Q3XF2JHCY003Y,4Q0YM76J0Q004K,42.3,342.6,161.2,146.0,2200.0,500.0,600.0,5900.0
4Q3XF2JJ0100G2,4Q0YM76J0Q001G,245.4,411.6,186.0,304.0,2400.0,600.0,600.0,4100.0
4Q3XF2JHCZ0008,4Q0YM76J0Q006B,89.1,303.0,145.9,149.9,2100.0,500.0,600.0,4900.0
4Q3XF2JJ02000T,4Q0YM76J0Q005G,202.9,381.4,164.6,280.8,2500.0,700.0,700.0,6000.0
4Q3XF2JJ01006P,4Q0YM76J0Q009J,214.7,381.4,165.7,279.1,2100.0,300.0,500.0,5500.0
4Q3XF2JJ01005X,4Q0YM76J0Q009K,232.2,401.2,164.0,268.9,2100.0,500.0,600.0,4800.0
4Q3XF2JJ0100DN,4Q0YM76J0Q0058,231.0,404.5,181.0,287.3,1900.0,300.0,500.0,4700.0
4Q3XF2JHCZ0010,4Q0YM76J0Q003F,120.3,324.8,149.9,185.7,2100.0,300.0,500.0,4400.0
4Q3XF2JJ000071,4Q0YM76J0Q00GC,38.1,314.0,156.0,149.9,2100.0,300.0,500.0,5100.0
4Q3XF2JJ01003K,4Q0YM76J0Q00C0,228.8,400.3,169.6,273.0,2100.0,300.0,500.0,4400.0
4Q3XF2JJ0100HL,4Q0YM76J0Q009B,232.2,394.4,165.7,274.0,2700.0,500.0,600.0,5100.0
4Q3XF2JJ01007Q,4Q0YM76J0Q00BR,219.4,369.7,158.9,263.4,2100.0,300.0,500.0,4400.0
4Q3XF2JHCZ0021,4Q0YM76J0Q00H7,65.7,340.6,167.5,160.0,2100.0,300.0,500.0,4400.0
4Q3XF2JJ01007L,4Q0YM76J0Q001X,258.4,423.0,188.3,315.4,2100.0,300.0,500.0,4400.0
4Q3XF2JJ01005V,4Q0YM76J0Q0085,236.4,400.6,167.5,287.6,1900.0,500.0,500.0,4400.0
4Q3XF2JJ00000T,4Q0YM76J0Q00BB,229.1,410.3,166.9,283.0,1900.0,300.0,500.0,4700.0
4Q3XF2JJ010007,4Q0YM76J0Q00BL,255.5,457.5,201.3,362.9,2100.0,500.0,600.0,4400.0
4Q3XF2JJ00001R,4Q0YM76J0Q001S,34.7,302.4,140.9,149.1,2100.0,300.0,500.0,4400.0
4Q3XF2JHCZ001D,4Q0YM76J0Q004M,140.4,349.1,168.6,157.8,2000.0,400.0,600.0,4600.0
4Q3XF2JJ0100BC,4Q0YM76J0Q0029,226.2,412.5,166.9,269.4,2100.0,300.0,500.0,4400.0
4Q3XF2JJ010040,4Q0YM76J0Q00CH,233.5,413.9,181.0,291.7,2100.0,300.0,500.0,4400.0
4Q3XF2JJ0100DL,4Q0YM76J0Q007W,200.9,365.8,157.2,265.6,2100.0,500.0,600.0,4400.0
4Q3XF2JJ010039,4Q0YM76J0Q00DB,234.1,396.6,180.5,282.5,1900.0,300.0,500.0,4400.0
4Q3XF2JJ0100GB,4Q0YM76J0Q007P,234.1,433.1,193.4,291.2,2100.0,500.0,600.0,4400.0
4Q3XF2JJ010048,4Q0YM76J0Q004T,228.5,433.4,175.9,326.1,2100.0,500.0,500.0,4400.0
4Q3XF2JJ000082,4Q0YM76J0N0088,228.2,404.8,168.0,280.1,2100.0,300.0,500.0,5000.0
4Q3XF2JJ0100CL,4Q0YM76J0Q005F,218.3,380.5,158.3,275.2,2100.0,400.0,500.0,5100.0
4Q3XF2JJ010085,4Q0YM76J0Q00GR,237.5,420.7,191.1,301.6,2400.0,600.0,600.0,4000.0
4Q3XF2JJ0100GT,4Q0YM76J0N008C,220.6,413.1,178.7,264.1,2100.0,300.0,500.0,4400.0
4Q3XF2JJ01007M,4Q0YM76J0Q00GF,193.6,362.7,147.0,262.4,2100.0,300.0,500.0,4400.0
4Q3XF2JJ020017,4Q0YM76J0Q001P,245.7,404.3,165.7,311.8,2400.0,600.0,600.0,4100.0
4Q3XF2JJ0100JT,4Q0YM76J0Q00C6,228.5,380.8,165.2,268.4,2100.0,300.0,500.0,4800.0
4Q3XF2JJ01007W,4Q0YM76J0Q0083,238.7,388.8,165.2,277.7,2100.0,300.0,600.0,5300.0
4Q3XF2JJ01006G,4Q0YM76J0Q00BS,156.1,342.0,144.7,254.4,2700.0,700.0,700.0,6000.0
4Q3XF2JJ010065,4Q0YM76J0Q007B,246.7,390.1,171.9,261.2,2100.0,500.0,600.0,4400.0
4Q3XF2JJ0100JB,4Q0YM76J0Q0086,235.5,445.4,199.5,302.5,2100.0,500.0,500.0,4400.0
4Q3XF2JJ000047,4Q0YM76J0Q009L,232.4,402.1,185.4,289.8,2300.0,700.0,700.0,5800.0
4Q3XF2JJ0100F4,4Q0YM76J0Q00D2,236.7,410.5,178.7,286.8,2100.0,300.0,500.0,4400.0
4Q3XF2JJ01008H,4Q0YM76J0N0085,176.9,362.4,145.3,257.1,2300.0,400.0,600.0,5700.0
4Q3XF2JJ00005D,4Q0YM76J0Q002B,205.4,378.5,157.7,260.0,2100.0,300.0,500.0,5500.0
4Q3XF2JJ01000L,4Q0YM76J0Q0049,217.3,365.5,155.1,261.2,2200.0,600.0,600.0,6000.0
4Q3XF2JJ01005Z,4Q0YM76J0Q00CB,227.6,392.1,169.6,287.1,2100.0,300.0,500.0,5200.0
4Q3XF2JJ0100G1,4Q0YM76J0Q00DF,251.9,415.1,185.4,280.3,2100.0,300.0,500.0,4400.0
4Q3XF2JJ00007G,4Q0YM76J0Q0050,164.8,357.9,175.9,216.7,2100.0,500.0,600.0,4400.0
4Q3XF2JJ00002S,4Q0YM76J0Q00FH,32.4,302.1,144.2,118.9,2400.0,600.0,600.0,5400.0
4Q3XF2JHCY0052,4Q0YM76J0Q0087,34.4,303.8,155.4,138.0,2400.0,700.0,700.0,5800.0
4Q3XF2JJ01000N,4Q0YM76J0Q004S,231.9,395.5,167.5,277.2,2100.0,300.0,500.0,5100.0
4Q3XF2JJ0100GJ,4Q0YM76J0N008F,215.8,402.1,165.2,295.8,2100.0,300.0,500.0,4400.0
4Q3XF2JJ000005,4Q0YM76J0Q0002,96.7,326.4,149.9,152.7,2700.0,800.0,700.0,6000.0
4Q3XF2JJ00006Z,4Q0YM76J0Q00GM,213.3,401.8,173.0,241.4,2100.0,500.0,600.0,4400.0
4Q3XF2JJ0100GW,4Q0YM76J0Q00HG,198.0,376.5,166.3,283.0,2100.0,500.0,600.0,4400.0
4Q3XF2JJ01007B,4Q0YM76J0Q009N,230.5,384.2,164.6,261.2,2400.0,700.0,700.0,6000.0
4Q3XF2JJ010049,4Q0YM76J0Q00C3,204.5,378.8,153.9,288.8,1900.0,300.0,400.0,4400.0
4Q3XF2JJ01001V,4Q0YM76J0Q009M,187.1,374.0,160.0,288.8,2300.0,600.0,600.0,5800.0
4Q3XF2JJ020005,4Q0YM76J0Q004N,230.2,401.2,176.4,281.8,2100.0,500.0,600.0,4400.0
4Q3XF2JJ0100DF,4Q0YM76J0Q003H,185.7,346.3,151.0,267.2,1900.0,300.0,500.0,5200.0
4Q3XF2JJ01001Z,4Q0YM76J0Q0093,215.5,348.2,147.6,258.1,2100.0,500.0,600.0,4800.0
4Q3XF2JHCZ0027,4Q0YM76J0Q00B0,154.4,349.6,164.0,175.1,2100.0,500.0,600.0,4400.0
4Q3XF2JJ00004G,4Q0YM76J0Q00C1,220.3,411.3,181.6,257.3,2100.0,300.0,500.0,4400.0
4Q3XF2JJ01005D,4Q0YM76J0Q0090,222.3,374.0,161.2,260.9,2100.0,500.0,600.0,4400.0
4Q3XF2JHCZ002Q,4Q0YM76J0Q0020,31.9,298.7,155.1,129.3,2100.0,300.0,500.0,4400.0
4Q3XF2JJ0100HZ,4Q0YM76J0Q00CT,223.4,374.6,168.0,301.6,2300.0,400.0,600.0,5500.0
4Q3XF2JJ01002N,4Q0YM76J0Q005J,239.2,398.0,165.7,271.6,1900.0,300.0,500.0,4700.0
4Q3XF2JJ0100FJ,4Q0YM76J0Q00GD,189.9,375.4,162.3,264.8,2100.0,300.0,500.0,4400.0
4Q3XF2JJ010022,4Q0YM76J0Q001V,206.5,402.6,177.6,273.5,2100.0,300.0,500.0,4400.0
4Q3XF2JJ010044,4Q0YM76J0Q002L,215.3,393.3,167.5,285.6,2100.0,300.0,500.0,4400.0
4Q3XF2JHCZ002S,4Q0YM76J0Q009H,110.2,364.1,160.6,184.2,2000.0,400.0,500.0,4200.0
4Q3XF2JJ01002K,4Q0YM76J0Q001F,204.5,380.5,151.0,286.1,2100.0,300.0,500.0,4800.0
4Q3XF2JHCY004F,4Q0YM76J0Q005C,35.0,284.8,129.5,130.3,2100.0,500.0,600.0,4400.0
4Q3XF2JHCY003Q,4Q0YM76J0Q00DW,38.9,313.4,148.8,136.3,2300.0,700.0,600.0,5600.0
4Q3XF2JJ010069,4Q0YM76J0Q00GG,255.5,405.4,184.3,300.9,2700.0,700.0,700.0,3600.0
4Q3XF2JJ01002M,4Q0YM76J0Q00DX,242.3,414.8,173.6,270.4,1700.0,300.0,500.0,3900.0
4Q3XF2JHCY0051,4Q0YM76J0Q00H1,97.3,333.5,158.3,165.1,2400.0,600.0,600.0,4300.0
4Q3XF2JJ01008D,4Q0YM76J0Q00CR,223.4,409.4,188.3,300.4,2100.0,300.0,500.0,4400.0
4Q3XF2JHCY005Z,4Q0YM76J0N009J,30.7,279.2,141.3,126.4,2700.0,700.0,700.0,6000.0
4Q3XF2JHCZ001Z,4Q0YM76J0Q002G,41.2,328.1,164.0,140.9,2100.0,300.0,500.0,4400.0
4Q3XF2JJ0100DY,4Q0YM76J0Q00HJ,188.5,386.2,161.2,303.8,1900.0,300.0,500.0,4700.0
4Q3XF2JJ010011,4Q0YM76J0N009T,222.0,389.8,174.2,281.0,2000.0,400.0,600.0,4900.0
4Q3XF2JJ000028,4Q0YM76J0Q00FX,52.4,307.5,145.3,148.9,2400.0,700.0,600.0,5400.0
4Q3XF2JJ00000J,4Q0YM76J0N00B1,31.0,301.5,160.0,124.9,2100.0,300.0,500.0,3900.0
4Q3XF2JJ010095,4Q0YM76J0Q000K,220.0,390.1,171.9,301.4,1900.0,300.0,500.0,4700.0
4Q3XF2JJ0100H4,4Q0YM76J0N00B6,184.8,361.8,152.2,257.6,2400.0,600.0,600.0,5200.0
4Q3XF2JJ0100CW,4Q0YM76J0Q009F,227.3,404.8,174.2,300.2,2100.0,500.0,500.0,4400.0
4Q3XF2JJ0100JQ,4Q0YM76J0Q003T,204.2,379.4,154.5,261.9,2100.0,300.0,500.0,4400.0
4Q3XF2JHCY005J,4Q0YM76J0Q008B,50.1,293.9,136.3,135.6,2100.0,500.0,600.0,4400.0
4Q3XF2JJ000046,4Q0YM76J0Q00GV,242.8,408.3,181.0,267.7,2400.0,600.0,600.0,4000.0
4Q3XF2JJ01008J,4Q0YM76J0N009M,225.1,382.2,170.1,268.4,2400.0,700.0,600.0,6000.0
4Q3XF2JHCY005P,4Q0YM76J0Q00DV,33.0,316.0,141.9,145.2,2200.0,600.0,500.0,4300.0
4Q3XF2JJ0100BH,4Q0YM76J0Q00BP,215.8,365.2,143.0,270.4,2500.0,500.0,700.0,5200.0
4Q3XF2JHCZ002J,4Q0YM76J0Q00BV,262.0,464.9,204.7,335.0,1900.0,300.0,400.0,4200.0
4Q3XF2JHCY004M,4Q0YM76J0Q00FV,229.6,428.1,191.7,294.4,2700.0,700.0,700.0,4800.0
4Q3XF2JJ0100B5,4Q0YM76J0Q00FT,238.4,396.9,178.7,298.7,2400.0,600.0,600.0,5200.0
4Q3XF2JJ00001N,4Q0YM76J0Q00F2,40.1,306.3,151.6,143.6,2500.0,700.0,600.0,5400.0
4Q3XF2JJ02001T,4Q0YM76J0N002X,200.0,382.0,168.6,285.4,2200.0,500.0,600.0,4900.0
4Q3XF2JJ010080,4Q0YM76J0N0094,193.0,354.1,157.7,256.3,2600.0,800.0,700.0,6000.0
4Q3XF2JJ00000N,4Q0YM76J0N0048,212.7,405.1,178.2,279.6,2000.0,400.0,500.0,4900.0
4Q3XF2JJ0100D6,4Q0YM76J0N003D,207.9,358.4,149.9,280.1,2500.0,700.0,700.0,6000.0
4Q3XF2FJ060130,4Q0YM77J0T00C1,274.6,397.7,191.1,242.8,1400.0,300.0,500.0,3900.0
4Q3XF2FJ08007P,4Q0YM77J0T00DQ,249.0,367.8,183.7,240.6,1600.0,300.0,600.0,4300.0
4Q3XF2FJ08004Y,4Q0YM77J0T00FF,221.2,343.4,171.9,215.2,1600.0,300.0,500.0,4600.0
4Q3XF2FJ08005L,4Q0YM77J0Q001M,229.1,342.0,179.3,200.4,2000.0,400.0,700.0,5100.0
4Q3XF2FJ08007M,4Q0YM77J0Q000N,239.7,370.3,183.7,230.7,1600.0,200.0,400.0,4100.0
4Q3XF2FJ080085,4Q0YM77J0T00F9,219.7,349.1,184.3,225.8,1400.0,300.0,500.0,3900.0
4Q3XF2FJ08005M,4Q0YM77J0Q001H,227.1,348.2,184.8,216.0,1800.0,300.0,500.0,4600.0
4Q3XF2FJ08007L,4Q0YM77J0Q000F,229.9,373.2,171.9,252.0,1400.0,300.0,500.0,3600.0
4Q3XF2FJ080055,4Q0YM77J0T00BH,255.2,362.1,182.2,200.2,1800.0,300.0,600.0,4800.0
4Q3XF2FJ08005R,4Q0YM77J0T00DR,270.7,372.3,180.5,219.3,1500.0,300.0,500.0,4300.0
4Q3XF2FJ08006B,4Q0YM77J0Q0016,269.9,367.8,192.3,238.2,1400.0,300.0,500.0,3900.0
4Q3XF2FJ080051,4Q0YM77J0T00D5,290.4,405.1,206.4,298.9,1400.0,300.0,500.0,3900.0
4Q3XF2FJ080080,4Q0YM77J0T00B7,236.9,343.1,171.9,238.2,1500.0,300.0,500.0,3900.0
4Q3XF2FJ08006H,4Q0YM77J0T007V,246.0,387.3,193.4,222.2,1500.0,200.0,400.0,3500.0
4Q3XF2JJ00007W,4Q0YM76J0Q008S,83.5,361.5,167.5,158.8,1900.0,400.0,500.0,4400.0
4Q3XF2FJ080059,4Q0YM77J0Q000X,255.8,383.6,192.9,255.9,1400.0,300.0,500.0,3800.0
4Q3XF2FJ080056,4Q0YM77J0Q0019,232.2,331.6,169.2,199.7,1800.0,300.0,500.0,4600.0
4Q3XF2FJ08007J,4Q0YM77J0Q000W,263.1,360.7,196.9,229.3,1600.0,300.0,500.0,4200.0
4Q3XF2FJ08005Z,4Q0YM77J0Q000Q,256.6,388.8,202.4,234.6,1600.0,200.0,400.0,4100.0
4Q3XF2FJ080061,4Q0YM77J0Q000J,270.7,375.7,192.3,247.7,1800.0,300.0,500.0,4600.0
4Q3XF2FJ080083,4Q0YM77J0T00FM,283.1,389.8,189.4,244.7,1600.0,300.0,500.0,4100.0
4Q3XF2FJ080068,4Q0YM77J0T003W,220.9,327.0,164.0,208.7,1400.0,300.0,500.0,3900.0
4Q3XF2FJ080082,4Q0YM77J0T007L,229.6,355.9,173.6,211.6,1400.0,300.0,500.0,3900.0
4Q3XF2FJ08005Q,4Q0YM77J0T0079,221.7,356.4,169.2,230.9,1700.0,300.0,700.0,4800.0
4Q3XF2FJ06012X,4Q0YM77J0T0084,278.6,390.7,199.5,254.0,1200.0,100.0,300.0,2600.0
4Q3XF2FJ080072,4Q0YM77J0T008G,234.4,348.5,174.2,225.6,1800.0,400.0,700.0,4200.0
4Q3XF2FJ08007Q,4Q0YM77J0T0040,206.2,309.2,165.2,214.7,1700.0,500.0,600.0,5000.0
4Q3XF2FJ08005S,4Q0YM77J0T007W,259.2,365.2,191.1,241.9,1800.0,300.0,500.0,4600.0
4Q3XF2FJ08006D,4Q0YM77J0T00BB,258.1,369.2,182.2,241.1,1400.0,300.0,500.0,3900.0
4Q3XF2FJ080054,4Q0YM77J0T007H,241.1,355.9,179.3,232.6,1400.0,300.0,500.0,3900.0
4Q3XF2FJ08007C,4Q0YM77J0T0081,277.8,393.3,202.4,213.5,1200.0,100.0,300.0,3300.0
4Q3XF2FJ080063,4Q0YM77J0T003K,274.2,360.5,195.2,236.0,1400.0,300.0,500.0,3900.0
4Q3XF2FJ06012W,4Q0YM77J0T00B9,269.9,371.7,207.0,233.1,1600.0,200.0,400.0,4100.0
4Q3XF2FJ08005H,4Q0YM77J0T00C5,248.2,375.9,186.6,222.7,1600.0,300.0,500.0,4300.0
4Q3XF2FJ080084,4Q0YM77J0T0066,241.1,344.6,169.2,205.1,1400.0,300.0,500.0,3900.0
4Q3XF2FJ06012Y,4Q0YM77J0T004J,235.5,340.6,177.0,218.1,1400.0,300.0,500.0,3900.0
4Q3XF2GJ08003M,4Q0YM78J11001P,187.4,268.2,125.1,133.1,1700.0,450.0,650.0,4000.0
4Q3XF2GJ08003C,4Q0YM78J11001W,178.6,259.7,121.1,184.0,1900.0,600.0,1000.0,5000.0
4Q3XF2GJ080045,4Q0YM78J11001T,204.2,303.8,131.8,190.3,1900.0,450.0,900.0,5000.0
4Q3XF2DHCT00RL,4Q0YM76J0N006P,55.3,295.3,138.1,141.9,2100.0,600.0,600.0,5600.0
4Q3XF2DHCT00MG,4Q0YM76J0N004T,54.1,365.5,187.1,159.8,2000.0,400.0,500.0,4900.0
4Q3XF2DHCT00G4,4Q0YM76J0N005G,34.7,305.5,140.9,147.2,1800.0,300.0,500.0,4400.0
4Q3XF2DHCT00SH,4Q0YM76J0N009N,48.5,314.8,160.6,136.3,2500.0,600.0,600.0,5500.0
4Q3XF2DHCT00FK,4Q0YM76J0N003M,197.0,398.0,165.7,298.9,2000.0,400.0,600.0,4900.0
4Q3XF2DHCT00J4,4Q0YM76J0N005L,84.8,311.7,144.2,156.4,2100.0,500.0,600.0,5300.0
4Q3XF2DHCT00SW,4Q0YM76J0N005C,221.7,387.6,165.2,284.2,2300.0,400.0,500.0,4900.0
4Q3XF2DHCT00H1,4Q0YM76J0N005K,193.0,390.4,165.7,286.6,2200.0,500.0,600.0,5400.0
4Q3XF2DHCT00S3,4Q0YM76J0N0061,82.9,340.6,166.9,141.4,2000.0,400.0,600.0,4900.0
4Q3XF2DHCT00G3,4Q0YM76J0N005R,38.6,318.3,149.3,159.8,1800.0,300.0,500.0,4800.0
4Q3XF2DHCT00QB,4Q0YM76J0N002F,30.7,302.7,147.0,140.9,2000.0,400.0,600.0,5400.0
4Q3XF2DHCT00J8,4Q0YM76J0N002R,113.2,353.1,181.0,174.1,2000.0,400.0,600.0,4900.0
4Q3XF2DHCT00PR,4Q0YM76J0N006S,42.1,309.8,147.6,145.5,2100.0,400.0,600.0,4900.0
4Q3XF2DHCT00GL,4Q0YM76J0N006B,104.0,339.5,169.6,164.6,1900.0,300.0,500.0,4500.0
4Q3XF2DHCT00SG,4Q0YM76J0N007W,31.0,305.7,150.5,145.2,1800.0,300.0,500.0,4400.0
4Q3XF2DHCT00MF,4Q0YM76J0N003P,32.2,326.1,152.8,146.9,2100.0,400.0,600.0,5300.0
4Q3XF2DHCT00QV,4Q0YM76J0N005X,35.0,332.9,156.6,155.2,2000.0,400.0,600.0,4900.0
4Q3XF2DHCT00J0,4Q0YM76J0N004N,36.6,316.8,167.5,155.9,2200.0,400.0,600.0,5400.0
4Q3XF2DHCT00NV,4Q0YM76J0N004L,31.6,318.5,161.2,143.6,2300.0,400.0,600.0,5400.0
4Q3XF2DHCT00P3,4Q0YM76J0N005D,44.2,314.8,155.4,136.3,1900.0,300.0,500.0,5500.0
4Q3XF2DHCT00NG,4Q0YM76J0N0070,65.1,318.8,149.9,155.2,2400.0,400.0,600.0,4600.0
4Q3XF2DHCT00FL,4Q0YM76J0N002J,42.5,313.7,151.0,166.6,2500.0,600.0,700.0,6000.0
4Q3XF2DHCT00F7,4Q0YM76J0N002P,180.9,371.4,153.9,252.0,2200.0,400.0,600.0,5800.0
4Q3XF2DHCT00JB,4Q0YM76J0N006V,211.5,398.0,171.9,305.0,2400.0,600.0,600.0,5400.0
4Q3XF2DHCT00L1,4Q0YM76J0N002K,211.3,407.7,179.3,352.7,2000.0,400.0,600.0,4900.0
4Q3XF2DHCT00MM,4Q0YM76J0N0037,69.4,303.8,139.8,146.7,2400.0,600.0,700.0,6000.0
4Q3XF2DHCT00R2,4Q0YM76J0N005V,33.6,304.6,141.3,134.1,2100.0,600.0,600.0,6000.0
4Q3XF2DHCT00NZ,4Q0YM76J0N0050,64.5,340.3,162.9,151.5,1700.0,300.0,500.0,4300.0
4Q3XF2DHCT00S0,4Q0YM76J0N007L,34.7,317.7,159.4,147.7,1800.0,300.0,500.0,4400.0
4Q3XF2DHCT00FD,4Q0YM76J0N0039,72.7,337.8,162.3,165.6,2000.0,400.0,600.0,4900.0
4Q3XF2DHCT00M0,4Q0YM76J0N0081,192.4,407.1,159.4,304.5,2000.0,400.0,600.0,4900.0
4Q3XF2DHCT00J3,4Q0YM76J0N0082,34.7,329.3,169.6,145.1,2600.0,700.0,800.0,6000.0
4Q3XF2DHCT00M8,4Q0YM76J0N008T,36.1,345.1,177.0,159.3,2100.0,300.0,500.0,4400.0
4Q3XF2DHCT00JK,4Q0YM76J0N0080,46.5,335.8,171.9,157.2,2000.0,400.0,600.0,4900.0
4Q3XF2DHCT00RS,4Q0YM76J0N004V,33.0,318.3,148.2,142.9,2000.0,400.0,600.0,5300.0
4Q3XF2DHCT00MD,4Q0YM76J0N009R,30.2,302.1,148.2,146.4,2100.0,300.0,500.0,4400.0
4Q3XF2DHCT00G6,4Q0YM76J0N0072,33.9,309.8,143.0,139.0,2100.0,400.0,600.0,4900.0
4Q3XF2DHCT00KM,4Q0YM76J0N0044,209.9,431.2,190.0,320.9,2100.0,400.0,600.0,4900.0
4Q3XF2DHCT00SK,4Q0YM76J0N0046,30.2,290.4,144.2,136.6,2000.0,400.0,600.0,4900.0
4Q3XF2DHCT00S1,4Q0YM76J0N0079,215.8,419.8,176.4,310.6,2000.0,400.0,600.0,4900.0
4Q3XF2DHCT00P6,4Q0YM76J0N0067,57.2,301.5,152.8,145.7,2200.0,600.0,600.0,5900.0
4Q3XF2DHCT00Q5,4Q0YM76J0N0032,35.0,335.2,163.5,142.6,1900.0,300.0,500.0,5200.0
4Q3XF2DHCT00RF,4Q0YM76J0N0058,194.1,372.3,161.2,283.5,1800.0,300.0,500.0,4400.0
4Q3XF2DHCT00FF,4Q0YM76J0N009K,46.5,354.7,164.6,163.4,2000.0,400.0,600.0,4900.0
4Q3XF2DHCT00MB,4Q0YM76J0N006N,92.4,341.4,170.1,161.2,2100.0,400.0,600.0,4900.0
4Q3XF2DHCT00NS,4Q0YM76J0N0075,46.2,349.4,168.6,158.1,2000.0,400.0,600.0,4900.0
4Q3XF2DHCT00GT,4Q0YM76J0Q0097,31.3,299.0,134.6,137.0,2100.0,500.0,600.0,6000.0
4Q3XF2DHCT00RN,4Q0YM76J0Q00GX,95.8,332.6,153.3,158.5,2100.0,500.0,600.0,4400.0
4Q3XF2DHCT00SF,4Q0YM76J0N0062,31.6,315.1,148.2,150.4,1900.0,300.0,500.0,4700.0
4Q3XF2DHCT00SX,4Q0YM76J0Q004B,50.7,301.5,143.6,162.2,2100.0,500.0,600.0,5300.0
4Q3XF2DHCT00PQ,4Q0YM76J0Q0069,35.8,331.0,161.7,146.7,2100.0,500.0,600.0,4400.0
4Q3XF2DHCT00KK,4Q0YM76J0N007S,31.9,285.7,128.9,139.7,2600.0,600.0,700.0,6000.0
4Q3XF2DHCT00DF,4Q0YM76J0Q00HH,33.6,315.7,145.3,206.5,2200.0,600.0,600.0,4400.0
4Q3XF2DHCT00PC,4Q0YM76J0N0078,187.7,379.1,148.8,283.0,2500.0,500.0,700.0,5400.0
4Q3XF2DHCT00JV,4Q0YM76J0N0086,64.2,351.7,166.3,156.2,2100.0,300.0,500.0,5500.0
4Q3XF2DHCT00SY,4Q0YM76J0Q006N,223.4,410.8,172.4,305.0,2300.0,700.0,700.0,6000.0
4Q3XF2DHCT00K0,4Q0YM76J0Q00K9,225.9,427.8,185.4,304.3,2100.0,300.0,500.0,5200.0
4Q3XF2DHCT00MK,4Q0YM76J0Q00KT,201.7,409.1,185.4,291.7,2100.0,500.0,600.0,4800.0
4Q3XF2DHCT00G2,4Q0YM76J0Q00J8,61.5,302.1,140.9,155.4,2100.0,500.0,600.0,4400.0
4Q3XF2DHCT00K4,4Q0YM76J0Q00KP,36.1,331.9,168.0,153.2,2100.0,500.0,600.0,4400.0
4Q3XF2DHCT00HK,4Q0YM76J0Q00KW,40.1,324.5,152.8,154.7,2100.0,600.0,600.0,5900.0
4Q3XF2DHCT00NL,4Q0YM76J0Q00JX,210.8,413.3,172.4,292.2,2500.0,600.0,600.0,4800.0
4Q3XF2DHCT00KG,4Q0YM76J0Q00HP,44.2,344.3,165.7,150.1,2100.0,500.0,600.0,4400.0
4Q3XF2DHCT00JH,4Q0YM76J0Q00J0,37.2,343.4,159.4,153.7,1900.0,300.0,500.0,4700.0
4Q3XF2DHCT00LX,4Q0YM76J0Q00KC,40.1,323.1,153.3,170.7,2100.0,500.0,600.0,4400.0
4Q3XF2DHCT00R0,4Q0YM76J0Q00L3,199.7,382.4,169.2,276.2,2300.0,600.0,600.0,6000.0
4Q3XF2DHCT00P0,4Q0YM76J0Q00K7,242.3,434.9,195.2,345.6,2100.0,500.0,600.0,4800.0
4Q3XF2FJ0600XV,4Q0YM77J0Q001D,248.7,359.6,184.3,240.6,1400.0,300.0,500.0,3700.0
4Q3XF2DHCT00SR,4Q0YM76J0Q00KL,33.6,299.5,148.8,123.2,2100.0,500.0,600.0,4900.0
4Q3XF2DHCT00JM,4Q0YM76J0N0056,44.2,334.1,168.0,161.0,2000.0,400.0,600.0,4900.0
4Q3XF2DHCT00JX,4Q0YM76J0N008P,75.3,307.8,145.9,173.3,1800.0,300.0,500.0,4400.0
4Q3XF2DHCT00ND,4Q0YM76J0Q00JN,33.0,279.4,139.2,149.6,2200.0,300.0,500.0,4700.0
4Q3XF2FJ0600W9,4Q0YM77J0Q0015,234.4,382.4,187.7,236.7,1400.0,300.0,500.0,3900.0
4Q3XF2DHCT00N1,4Q0YM76J0N001X,37.8,330.4,161.7,161.7,2000.0,400.0,600.0,4900.0
4Q3XF2DHCT00F0,4Q0YM76J0N007G,89.4,332.1,157.2,143.3,1800.0,300.0,500.0,5200.0
4Q3XF2DHCT00F2,4Q0YM76J0Q009D,50.1,329.0,160.6,164.6,2500.0,600.0,600.0,5700.0
4Q3XF2DHCT00GG,4Q0YM76J0N004W,42.5,334.9,171.3,157.8,2100.0,300.0,600.0,5400.0
4Q3XF2DHCT00QY,4Q0YM76J0Q00K6,32.2,330.7,149.9,159.5,2100.0,500.0,600.0,4400.0
4Q3XF2DHCT00LC,4Q0YM76J0N005B,59.8,315.4,142.5,147.4,2900.0,700.0,700.0,6000.0
4Q3XF2FJ060111,4Q0YM77J0T00F5,218.1,336.4,162.9,213.0,1700.0,400.0,600.0,4200.0
4Q3XF2FJ060114,4Q0YM77J0T00DK,265.4,381.1,209.3,225.4,1400.0,300.0,500.0,3900.0
4Q3XF2FJ0600G7,4Q0YM77J0Q0018,247.9,372.9,192.3,242.5,1400.0,300.0,500.0,3900.0
4Q3XF2FJ0600J9,4Q0YM77J0T00DJ,260.4,354.4,177.6,235.1,1400.0,300.0,500.0,3900.0
4Q3XF2DHCT00HH,4Q0YM76J0N006Q,56.9,318.3,155.1,153.2,2000.0,400.0,600.0,5400.0
4Q3XF2DHCT00K3,4Q0YM76J0N0099,48.5,340.0,170.7,171.1,2100.0,300.0,500.0,4800.0
4Q3XF2DHCT00HP,4Q0YM76J0Q00KJ,45.1,320.5,155.4,145.2,2100.0,500.0,600.0,4900.0
4Q3XF2DHCT00KW,4Q0YM76J0N007B,42.8,307.5,141.3,150.9,2300.0,500.0,600.0,5700.0
4Q3XF2DHCT00NC,4Q0YM76J0N006R,46.0,347.3,166.9,157.2,2100.0,300.0,500.0,4900.0
4Q3XF2DHCT00KQ,4Q0YM76J0N007X,38.9,338.4,156.6,160.3,2100.0,300.0,500.0,4400.0
4Q3XF2DHCT00LJ,4Q0YM76J0N004X,38.1,278.6,122.8,144.8,2000.0,400.0,600.0,4900.0
4Q3XF2DHCT00S8,4Q0YM76J0N001W,87.6,330.1,160.6,162.5,2000.0,400.0,600.0,4900.0
4Q3XF2DHCT00GX,4Q0YM76J0Q006L,40.6,331.6,161.2,162.5,2300.0,600.0,600.0,4400.0
4Q3XF2DHCT00R4,4Q0YM76J0N008L,32.4,297.2,148.2,141.9,2300.0,400.0,600.0,5700.0
4Q3XF2DHCT00HC,4Q0YM76J0N008M,180.6,373.7,162.3,285.9,2900.0,800.0,700.0,6000.0
4Q3XF2DHCT00RX,4Q0YM76J0N0092,199.7,400.9,165.7,292.2,2100.0,300.0,500.0,4400.0
4Q3XF2DHCT00GV,4Q0YM76J0N003H,35.8,286.8,136.9,150.4,2400.0,600.0,600.0,5400.0
4Q3XF2FJ0600JK,4Q0YM77J0T00B6,274.9,355.6,184.3,233.6,1400.0,300.0,500.0,3900.0
4Q3XF2DHCT00GP,4Q0YM76J0N0063,40.6,324.2,147.6,159.5,2300.0,500.0,700.0,4900.0
4Q3XF2FJ06002N,4Q0YM77J0Q0010,236.4,382.4,184.3,233.6,1500.0,300.0,500.0,3900.0
4Q3XF2FJ060126,4Q0YM77J0Q0006,245.1,368.6,188.9,227.3,1600.0,200.0,500.0,4100.0
4Q3XF2FJ0600XQ,4Q0YM77J0Q001J,269.6,356.7,184.8,220.8,1300.0,200.0,400.0,4600.0
4Q3XF2FJ0600Q6,4Q0YM77J0T00FK,243.7,325.8,177.6,202.4,1800.0,300.0,500.0,4600.0
4Q3XF2FJ0600ZL,4Q0YM77J0Q000L,260.1,390.1,179.3,244.5,1600.0,200.0,400.0,3600.0
4Q3XF2FJ0600X2,4Q0YM77J0T00F7,225.1,323.6,160.6,218.6,1400.0,300.0,500.0,3900.0
4Q3XF2FJ0600P0,4Q0YM77J0Q000M,266.5,370.3,175.3,251.5,1400.0,300.0,500.0,3900.0
4Q3XF2FJ0600MC,4Q0YM77J0Q000V,257.5,362.4,188.3,223.2,1400.0,300.0,500.0,3900.0
4Q3XF2FJ0600NF,4Q0YM77J0Q001C,207.6,308.3,151.6,201.4,1900.0,500.0,700.0,5000.0
4Q3XF2FJ06010V,4Q0YM77J0T00DS,267.9,389.5,199.0,237.5,1400.0,300.0,500.0,3900.0
4Q3XF2FJ0600T2,4Q0YM77J0T00FC,270.2,378.2,198.4,228.8,1500.0,200.0,400.0,3500.0
4Q3XF2FJ0600Q1,4Q0YM77J0Q0014,251.3,334.6,172.4,214.2,1500.0,300.0,600.0,3900.0
4Q3XF2FJ06012T,4Q0YM77J0T00BX,273.6,387.6,184.8,237.2,1800.0,300.0,500.0,4600.0
4Q3XF2FJ0600M8,4Q0YM77J0Q0002,57.5,288.8,165.7,124.9,1400.0,300.0,500.0,3900.0
4Q3XF2FJ0600Q5,4Q0YM77J0T00DW,251.0,387.0,186.6,240.9,1400.0,300.0,500.0,3900.0
4Q3XF2FJ06002D,4Q0YM77J0Q001P,273.3,368.6,190.0,236.5,1600.0,300.0,500.0,4600.0
4Q3XF2FJ0600SY,4Q0YM77J0Q0017,107.1,279.4,108.1,232.6,2000.0,300.0,600.0,4600.0
4Q3XF2FJ0600T8,4Q0YM77J0T00FN,248.2,356.4,175.9,233.6,1600.0,300.0,500.0,3900.0
4Q3XF2FJ060009,4Q0YM77J0T00F8,276.9,385.6,200.7,270.9,1800.0,300.0,500.0,4100.0
4Q3XF2FJ0600PQ,4Q0YM77J0Q001Q,244.6,353.9,178.7,216.7,1400.0,300.0,500.0,3900.0
4Q3XF2FJ0600V3,4Q0YM77J0Q0007,250.7,372.3,182.2,241.1,1400.0,300.0,500.0,4300.0
4Q3XF2FJ0600PS,4Q0YM77J0T00C8,238.7,353.1,177.6,237.0,1400.0,300.0,500.0,3900.0
4Q3XF2FJ0600M7,4Q0YM77J0T00FL,245.7,390.1,186.0,246.9,1400.0,300.0,500.0,3900.0
4Q3XF2FJ060124,4Q0YM77J0Q000P,283.7,380.8,197.4,257.3,1800.0,300.0,500.0,4600.0
4Q3XF2FJ0600MF,4Q0YM77J0T00FB,259.5,378.5,179.9,224.6,1800.0,300.0,500.0,5200.0
4Q3XF2FJ0600T9,4Q0YM77J0Q000K,210.5,321.0,148.8,198.8,2100.0,600.0,800.0,5800.0
4Q3XF2FJ0600FZ,4Q0YM77J0T00D2,260.1,347.1,184.3,223.0,1600.0,300.0,500.0,3900.0
4Q3XF2FJ0600TB,4Q0YM77J0T0095,261.1,355.3,186.6,211.6,1200.0,200.0,400.0,3500.0
4Q3XF2FJ0600H1,4Q0YM77J0T0096,252.5,360.5,179.3,203.4,1800.0,300.0,500.0,4600.0
4Q3XF2FJ06012D,4Q0YM77J0T00CN,240.6,363.2,184.8,240.4,1000.0,100.0,200.0,2600.0
4Q3XF2FJ0600FJ,4Q0YM77J0T008D,293.6,403.2,211.0,245.0,1400.0,300.0,500.0,3900.0
4Q3XF2FJ0600YP,4Q0YM77J0T009P,232.4,374.0,177.0,240.4,1400.0,300.0,500.0,3900.0
4Q3XF2FJ0600X6,4Q0YM77J0T0003,298.9,385.9,201.3,256.3,1400.0,300.0,500.0,3900.0
4Q3XF2FJ0600NN,4Q0YM77J0Q000G,257.5,378.0,180.5,250.3,1400.0,300.0,500.0,3500.0
4Q3XF2FJ06002K,4Q0YM77J0Q000D,239.2,324.2,180.5,223.2,1400.0,300.0,500.0,3800.0
4Q3XF2FJ06000V,4Q0YM77J0Q000S,251.0,353.4,185.4,220.8,1600.0,300.0,500.0,4100.0
4Q3XF2FJ0600NK,4Q0YM77J0T0098,286.0,401.5,205.8,262.9,1200.0,100.0,300.0,2700.0
4Q3XF2FJ0600ZZ,4Q0YM77J0T00DT,229.3,364.7,177.6,215.0,1700.0,300.0,600.0,4800.0
4Q3XF2FJ0600SS,4Q0YM77J0T0090,277.8,384.2,204.7,239.9,1400.0,300.0,500.0,3500.0
4Q3XF2FJ06012H,4Q0YM77J0T00C6,233.5,335.5,162.3,224.4,1700.0,300.0,600.0,4200.0
4Q3XF2FJ0600NQ,4Q0YM77J0T00F4,247.9,364.1,178.2,229.8,1400.0,300.0,500.0,3900.0
4Q3XF2FJ0600WB,4Q0YM77J0T00F6,221.2,342.3,173.0,221.8,1800.0,300.0,600.0,4400.0
4Q3XF2FJ06002W,4Q0YM77J0T00F1,245.4,351.7,179.3,226.8,1400.0,300.0,500.0,3500.0
4Q3XF2FJ0600ZG,4Q0YM77J0T00BW,235.0,373.7,181.0,231.4,1400.0,300.0,500.0,3900.0
4Q3XF2FJ0600GF,4Q0YM77J0T00D8,268.2,367.0,206.4,236.2,1600.0,200.0,400.0,4200.0
4Q3XF2FJ0600T6,4Q0YM77J0T00C7,247.6,388.8,185.4,227.8,1400.0,300.0,500.0,3900.0
4Q3XF2FJ0600N3,4Q0YM77J0Q000R,246.3,358.7,169.2,232.9,1800.0,300.0,500.0,4600.0
4Q3XF2FJ06011B,4Q0YM77J0T00F3,218.1,340.3,164.6,220.5,1600.0,300.0,500.0,4200.0
4Q3XF2FJ0600MQ,4Q0YM77J0T0078,260.5,387.6,195.7,239.9,1400.0,300.0,500.0,3900.0
4Q3XF2FJ0600PL,4Q0YM77J0T0067,252.5,377.4,179.9,217.7,1400.0,300.0,500.0,3900.0
4Q3XF2FJ0600XX,4Q0YM77J0T00DL,265.1,375.4,191.7,246.2,1400.0,300.0,500.0,3900.0
4Q3XF2FJ0600W1,4Q0YM77J0T00CF,218.9,342.9,172.4,207.9,1800.0,300.0,500.0,4600.0
4Q3XF2FJ0600VP,4Q0YM77J0Q000C,241.4,362.4,187.1,230.4,1400.0,300.0,500.0,4000.0
4Q3XF2FJ0600W6,4Q0YM77J0T00F2,260.4,364.7,181.6,222.7,1700.0,300.0,600.0,4200.0
4Q3XF2FJ0600X3,4Q0YM77J0T0088,278.1,364.1,183.7,241.9,1400.0,300.0,500.0,3900.0
4Q3XF2FJ06011X,4Q0YM77J0T007Q,242.8,327.8,160.6,229.8,1800.0,300.0,500.0,4600.0
4Q3XF2FJ0600QM,4Q0YM77J0T007S,276.6,380.8,203.0,245.0,1800.0,300.0,500.0,4600.0
4Q3XF2FJ060108,4Q0YM77J0T00DG,254.9,351.7,175.9,199.5,1400.0,300.0,500.0,3900.0
4Q3XF2FJ0600N0,4Q0YM77J0T009H,284.5,410.0,203.0,257.6,1400.0,300.0,500.0,3900.0
4Q3XF2FJ0600VS,4Q0YM77J0T0047,222.9,330.1,150.5,214.2,1400.0,300.0,500.0,3900.0
4Q3XF2FJ06010F,4Q0YM77J0T00DH,278.9,379.1,189.4,243.5,1400.0,300.0,500.0,3900.0
4Q3XF2FJ0600TL,4Q0YM77J0T00DV,238.4,357.0,186.0,223.5,1800.0,300.0,500.0,4600.0
4Q3XF2FJ0600S8,4Q0YM77J0T0077,267.1,366.7,175.9,238.7,1400.0,300.0,500.0,3900.0
4Q3XF2FJ0600N5,4Q0YM77J0T00CC,292.1,376.5,204.7,226.8,1400.0,200.0,500.0,3700.0
4Q3XF2FJ0600T1,4Q0YM77J0T007C,278.3,384.7,201.8,230.4,1800.0,300.0,500.0,4600.0
4Q3XF2FJ0600JL,4Q0YM77J0T0068,219.2,344.9,165.7,232.1,1500.0,200.0,400.0,3600.0
4Q3XF2FJ0600G8,4Q0YM77J0T00C2,237.8,331.9,173.6,226.3,1600.0,300.0,600.0,4300.0
4Q3XF2FJ0600QR,4Q0YM77J0T009G,250.7,334.9,171.9,216.4,1400.0,300.0,500.0,3900.0
4Q3XF2FJ0600Y1,4Q0YM77J0T008C,218.9,353.7,178.2,230.2,1800.0,300.0,600.0,5000.0
4Q3XF2FJ0600MY,4Q0YM77J0T00BD,254.4,342.0,178.7,230.4,1400.0,300.0,500.0,3900.0
4Q3XF2FJ0600VF,4Q0YM77J0T00DB,227.3,324.8,166.9,221.8,1600.0,400.0,600.0,5100.0
4Q3XF2FJ060107,4Q0YM77J0T00FD,271.9,371.4,195.2,245.2,1800.0,300.0,500.0,4600.0
4Q3XF2DHCT00GC,4Q0YM76J0Q006P,37.5,316.8,149.3,143.6,2500.0,700.0,600.0,5200.0
4Q3XF2FJ0600X9,4Q0YM77J0Q0011,263.1,389.5,194.6,231.2,1400.0,300.0,500.0,3900.0
4Q3XF2DHCT00SB,4Q0YM76J0Q0046,32.7,321.9,151.6,172.1,1900.0,300.0,500.0,4700.0
4Q3XF2FJ0600N8,4Q0YM77J0Q001F,229.3,320.8,173.0,216.0,1800.0,500.0,700.0,4900.0
4Q3XF2FJ06002R,4Q0YM77J0Q0013,276.6,388.2,197.4,256.6,1400.0,300.0,500.0,4100.0
4Q3XF2FJ0600L1,4Q0YM77J0Q001B,243.7,380.2,180.5,235.8,1400.0,300.0,500.0,3800.0
4Q3XF2FJ06012P,4Q0YM77J0Q0004,268.2,368.6,197.8,219.1,1400.0,300.0,500.0,3900.0
4Q3XF2FJ06011Q,4Q0YM77J0Q001N,235.5,350.2,165.2,230.7,1400.0,300.0,500.0,3900.0
4Q3XF2FJ06002J,4Q0YM77J0Q0008,269.0,384.5,194.0,230.7,1800.0,300.0,500.0,4600.0
4Q3XF2FJ0600R0,4Q0YM77J0Q0009,217.0,323.1,168.0,203.4,1800.0,300.0,700.0,4800.0
4Q3XF2FJ0600V2,4Q0YM77J0Q001L,252.5,354.4,165.2,229.9,1800.0,300.0,500.0,4600.0
4Q3XF2FJ0600RV,4Q0YM77J0Q0005,262.5,360.9,178.7,219.1,1800.0,300.0,500.0,4600.0
4Q3XF2FJ0600L7,4Q0YM77J0Q0012,261.7,393.5,189.4,248.8,1500.0,200.0,400.0,3600.0
4Q3XF2FJ0600MT,4Q0YM77J0Q001K,233.5,347.1,171.9,217.4,1800.0,300.0,500.0,4600.0
4Q3XF2FJ0600V7,4Q0YM77J0T004F,221.7,337.2,163.5,196.1,1800.0,300.0,500.0,4600.0
4Q3XF2FJ0600PX,4Q0YM77J0T004D,253.0,395.8,182.2,258.3,1800.0,300.0,500.0,4600.0
4Q3XF2FJ0600M1,4Q0YM77J0T00CW,267.1,356.1,181.6,246.2,1400.0,300.0,500.0,3900.0
4Q3XF2FJ0600QV,4Q0YM77J0T0076,244.6,353.1,173.0,229.9,1400.0,300.0,500.0,3900.0
4Q3XF2FJ0600YD,4Q0YM77J0T00F0,223.2,316.6,149.3,216.4,1800.0,300.0,600.0,5000.0
4Q3XF2FJ0600P1,4Q0YM77J0T004N,267.9,357.0,200.7,218.6,1400.0,300.0,500.0,3900.0
4Q3XF2FJ0600Q2,4Q0YM77J0T0074,228.5,321.3,162.3,213.7,1800.0,300.0,500.0,4600.0
4Q3XF2FJ0600NJ,4Q0YM77J0T003P,208.5,314.3,156.6,219.8,1700.0,400.0,600.0,5000.0
4Q3XF2FJ0600J3,4Q0YM77J0T0060,246.5,388.2,197.4,220.3,1400.0,300.0,500.0,3900.0
4Q3XF2FJ06011H,4Q0YM77J0T003Q,242.6,364.4,173.6,222.2,1800.0,300.0,500.0,4600.0
4Q3XF2FJ0600SK,4Q0YM77J0T007G,287.4,401.5,194.6,257.3,1400.0,300.0,500.0,3900.0
4Q3XF2FJ0600J8,4Q0YM77J0T009J,276.3,396.9,197.4,241.1,1400.0,300.0,500.0,3900.0
4Q3XF2FJ0600N7,4Q0YM77J0T00FG,242.8,355.3,187.7,217.4,1800.0,300.0,500.0,4000.0
4Q3XF2FJ0600HK,4Q0YM77J0Q000T,247.3,334.9,170.1,228.1,1400.0,300.0,600.0,4100.0
4Q3XF2FJ0600ZQ,4Q0YM77J0T009K,220.6,321.0,165.7,212.8,1400.0,300.0,500.0,3900.0
4Q3XF2FJ0600SZ,4Q0YM77J0T006W,226.5,314.0,158.3,182.3,1400.0,300.0,500.0,3900.0
4Q3XF2FJ0600FH,4Q0YM77J0T0085,235.8,326.4,178.2,206.2,1400.0,300.0,500.0,3900.0
4Q3XF2FJ0600FG,4Q0YM77J0T008R,254.9,374.0,193.4,239.4,1600.0,300.0,500.0,4600.0
4Q3XF2FJ0600NL,4Q0YM77J0T009B,272.2,376.5,187.1,222.0,1400.0,200.0,400.0,3400.0
4Q3XF2FJ0600FD,4Q0YM77J0T0093,258.4,368.3,182.2,209.2,1400.0,300.0,500.0,3900.0
4Q3XF2FJ0600T0,4Q0YM77J0T00B1,237.8,347.3,175.3,226.3,1400.0,300.0,500.0,3900.0
4Q3XF2FJ0600FK,4Q0YM77J0T0082,296.0,381.7,207.0,231.4,1400.0,300.0,500.0,3900.0
4Q3XF2FJ06011M,4Q0YM77J0T0049,243.1,325.1,169.6,229.3,1400.0,300.0,500.0,3900.0
4Q3XF2FJ060018,4Q0YM77J0T008Q,244.6,368.0,187.7,226.6,1200.0,200.0,400.0,2900.0
4Q3XF2FJ0600QN,4Q0YM77J0T008F,269.9,387.0,195.7,243.8,1500.0,200.0,400.0,3600.0
4Q3XF2FJ060104,4Q0YM77J0T004W,288.5,370.0,205.3,241.6,1400.0,300.0,500.0,3900.0
4Q3XF2FJ0600LS,4Q0YM77J0T00CG,246.3,351.4,180.5,232.4,1400.0,300.0,500.0,3400.0
4Q3XF2FJ06002B,4Q0YM77J0T008M,262.5,367.2,190.6,233.6,1400.0,300.0,500.0,3900.0
4Q3XF2FJ0600R4,4Q0YM77J0T008S,248.2,344.6,171.9,217.2,1600.0,300.0,600.0,4300.0
4Q3XF2FJ0600XB,4Q0YM77J0T0041,273.6,389.0,181.0,253.5,1500.0,300.0,500.0,3900.0
4Q3XF2FJ0600RD,4Q0YM77J0T008J,267.9,412.2,216.0,246.0,1200.0,200.0,400.0,3500.0
4Q3XF2FJ0600PW,4Q0YM77J0T00BT,256.9,360.7,191.1,225.4,1400.0,300.0,500.0,3500.0
4Q3XF2FJ0600YX,4Q0YM77J0T00BS,299.2,402.9,209.9,251.0,1500.0,300.0,500.0,3900.0
4Q3XF2FJ06011T,4Q0YM77J0T00BR,227.6,364.1,181.6,218.3,1400.0,300.0,500.0,3900.0
4Q3XF2FJ060011,4Q0YM77J0T009D,209.1,354.1,173.6,215.0,1400.0,300.0,500.0,3900.0
4Q3XF2FJ06010K,4Q0YM77J0T00B8,240.6,367.2,175.3,231.2,1300.0,200.0,400.0,4100.0
4Q3XF2FJ0600XF,4Q0YM77J0T0080,257.5,380.8,178.2,217.4,1500.0,300.0,600.0,3900.0
4Q3XF2FJ0600Q3,4Q0YM77J0T007J,267.6,377.7,180.5,229.0,1800.0,300.0,500.0,4600.0
4Q3XF2FJ060032,4Q0YM77J0T006N,229.6,334.6,174.7,220.0,1800.0,300.0,500.0,4600.0
4Q3XF2FJ06011W,4Q0YM77J0T006D,272.7,384.2,211.6,235.3,1800.0,300.0,500.0,4600.0
4Q3XF2FJ0600ZB,4Q0YM77J0T006S,286.5,425.5,213.7,249.3,1400.0,300.0,500.0,3900.0
4Q3XF2FJ06001L,4Q0YM77J0T0042,238.9,345.4,162.3,209.4,1000.0,200.0,400.0,3300.0
4Q3XF2FJ060016,4Q0YM77J0T0087,263.4,401.8,197.8,238.4,1400.0,300.0,500.0,3400.0
4Q3XF2FJ0600YH,4Q0YM77J0T007R,230.5,383.0,176.4,243.0,1400.0,300.0,500.0,3900.0
4Q3XF2FJ0600TR,4Q0YM77J0T007N,244.8,366.4,174.2,215.5,1500.0,200.0,400.0,4000.0
4Q3XF2FJ0600GN,4Q0YM77J0T008L,203.7,336.6,162.3,200.2,1400.0,300.0,500.0,3500.0
4Q3XF2FJ060003,4Q0YM77J0T009R,270.7,372.6,199.5,236.2,1400.0,300.0,500.0,3900.0
4Q3XF2FJ0600HD,4Q0YM77J0T004T,248.5,346.6,179.3,235.1,1500.0,200.0,500.0,3600.0
4Q3XF2FJ0600R3,4Q0YM77J0T006K,274.4,388.2,182.7,232.9,1200.0,200.0,400.0,3000.0
4Q3XF2FJ0600ZM,4Q0YM77J0T006C,266.5,377.4,200.1,245.5,1400.0,300.0,500.0,3900.0
4Q3XF2FJ0600H2,4Q0YM77J0T003S,247.3,400.9,181.6,250.0,1300.0,100.0,300.0,3500.0
4Q3XF2FJ0600TS,4Q0YM77J0T008W,257.5,397.7,195.7,236.7,1000.0,0.0,200.0,2500.0
4Q3XF2FJ0600ZJ,4Q0YM77J0T008K,292.1,428.6,206.4,262.6,1400.0,300.0,500.0,3900.0
4Q3XF2FJ0600VR,4Q0YM77J0T008N,273.6,401.5,193.4,236.7,1800.0,300.0,500.0,4600.0
4Q3XF2FJ0600WP,4Q0YM77J0T006J,260.8,372.3,186.6,240.2,1100.0,200.0,400.0,3000.0
4Q3XF2FJ060007,4Q0YM77J0T007K,282.0,391.2,205.8,241.4,1400.0,300.0,500.0,3900.0
4Q3XF2FJ06000R,4Q0YM77J0T006X,250.2,347.9,186.6,235.3,1800.0,300.0,500.0,4600.0
4Q3XF2FJ0600LQ,4Q0YM77J0T0091,245.4,344.9,169.6,219.1,1200.0,200.0,400.0,3000.0
4Q3XF2FJ06001R,4Q0YM77J0T0089,248.5,376.2,192.9,230.7,1400.0,300.0,500.0,3900.0
4Q3XF2FJ0600M0,4Q0YM77J0T004C,261.1,345.7,177.6,226.1,1400.0,300.0,500.0,3900.0
4Q3XF2FJ0600W8,4Q0YM77J0T007X,271.9,393.8,192.9,227.8,1800.0,300.0,500.0,4600.0
4Q3XF2FJ0600Y0,4Q0YM77J0T00C9,257.5,381.4,186.0,229.3,1800.0,300.0,600.0,4800.0
4Q3XF2FJ0600F2,4Q0YM77J0T00CH,221.2,359.3,171.9,228.3,1400.0,300.0,500.0,3900.0
4Q3XF2FJ06002T,4Q0YM77J0T006R,245.7,398.6,190.6,247.4,1800.0,300.0,500.0,4600.0
4Q3XF2FJ0600LN,4Q0YM77J0T0075,254.4,347.6,183.3,218.6,1800.0,300.0,500.0,4600.0
4Q3XF2FJ0600K8,4Q0YM77J0T004M,307.7,414.2,199.5,255.4,1400.0,300.0,500.0,2900.0
4Q3XF2FJ060103,4Q0YM77J0T005Q,264.8,405.4,207.6,233.1,1200.0,200.0,400.0,3400.0
4Q3XF2FJ0600ZX,4Q0YM77J0T005X,270.2,351.7,175.9,219.8,1800.0,300.0,500.0,4600.0
4Q3XF2FJ06002F,4Q0YM77J0T005L,234.4,363.5,174.7,206.5,1400.0,300.0,500.0,3900.0
4Q3XF2FJ060113,4Q0YM77J0T005P,274.2,397.5,202.4,255.4,1400.0,300.0,500.0,3000.0
4Q3XF2FJ0600QQ,4Q0YM77J0T0063,273.9,386.8,201.3,242.8,1400.0,300.0,500.0,3900.0
4Q3XF2FJ0600R7,4Q0YM77J0T0071,234.4,362.7,167.5,229.5,1300.0,100.0,400.0,3400.0
4Q3XF2FJ0600Q9,4Q0YM77J0T004X,241.7,340.0,181.6,212.8,1400.0,200.0,400.0,3000.0
4Q3XF2FJ0600TM,4Q0YM77J0T009C,266.3,343.7,190.0,224.9,1300.0,200.0,400.0,3200.0
4Q3XF2FJ0600MX,4Q0YM77J0T008V,268.4,389.2,190.6,240.9,1400.0,300.0,500.0,3900.0
4Q3XF2FJ0600SD,4Q0YM77J0T008X,299.5,409.7,222.3,244.2,1400.0,300.0,500.0,3900.0
4Q3XF2FJ0600V6,4Q0YM77J0T009F,240.6,345.7,173.0,213.5,1400.0,300.0,500.0,3500.0
4Q3XF2FJ0600JH,4Q0YM77J0T0083,239.2,363.8,189.4,206.2,1200.0,300.0,500.0,3900.0
4Q3XF2FJ060116,4Q0YM77J0T009N,278.1,384.5,199.0,225.6,1400.0,300.0,500.0,3500.0
4Q3XF2FJ0600PD,4Q0YM77J0T005V,238.4,359.0,181.0,216.9,2900.0,600.0,800.0,6000.0
4Q3XF2FJ0600HT,4Q0YM77J0T006M,225.1,343.4,169.2,221.8,1400.0,300.0,500.0,3900.0
4Q3XF2FJ0600SF,4Q0YM77J0T006H,276.6,388.2,189.4,229.0,1400.0,300.0,500.0,3900.0
4Q3XF2FJ0600N1,4Q0YM77J0T0094,227.3,341.4,179.3,227.8,1400.0,300.0,500.0,3900.0
4Q3XF2FJ0600KP,4Q0YM77J0T006Q,274.4,374.6,200.7,226.8,1400.0,300.0,500.0,3900.0
4Q3XF2FJ0600H9,4Q0YM77J0T0045,234.7,345.1,182.7,220.0,1800.0,300.0,500.0,4600.0
4Q3XF2FJ0600Q0,4Q0YM77J0T005B,280.6,400.3,195.7,224.4,1800.0,300.0,500.0,4600.0
4Q3XF2FJ06000Q,4Q0YM77J0T005W,257.5,339.7,192.3,230.4,1400.0,300.0,500.0,3900.0
4Q3XF2FJ0600SR,4Q0YM77J0T009M,264.8,359.0,191.7,226.8,1200.0,200.0,400.0,3100.0
4Q3XF2FJ0600T5,4Q0YM77J0T0099,268.2,374.0,181.0,238.2,1400.0,300.0,500.0,3900.0
4Q3XF2FJ0600N9,4Q0YM77J0T0086,223.7,340.0,173.6,216.2,1200.0,200.0,400.0,2800.0
4Q3XF2FJ0600JJ,4Q0YM77J0T006V,290.7,417.1,213.7,256.8,1800.0,300.0,500.0,4600.0
4Q3XF2FJ0600QL,4Q0YM77J0T0064,268.4,389.2,186.6,244.2,1400.0,300.0,500.0,3900.0
4Q3XF2FJ0600NR,4Q0YM77J0T007P,261.4,363.5,182.7,223.7,1400.0,300.0,500.0,3300.0
4Q3XF2FJ0600PG,4Q0YM77J0T0059,239.4,338.6,174.7,236.7,1800.0,300.0,500.0,4600.0
4Q3XF2FJ06002C,4Q0YM77J0T007B,222.0,384.7,168.6,249.3,1400.0,300.0,500.0,3900.0
4Q3XF2FJ06002P,4Q0YM77J0T009Q,284.2,401.2,200.7,240.4,1500.0,200.0,500.0,4200.0
4Q3XF2FJ0600Z5,4Q0YM77J0T004K,222.9,334.3,173.0,232.9,1800.0,500.0,700.0,5100.0
4Q3XF2FJ0600SH,4Q0YM77J0T004Q,268.2,368.9,194.0,243.0,1900.0,300.0,600.0,4400.0
4Q3XF2FJ0600Z9,4Q0YM78J11001S,261.1,381.1,180.5,239.4,1700.0,450.0,500.0,4000.0
4Q3XF2FJ06011C,4Q0YM78J11001R,216.7,355.3,172.4,229.3,1600.0,200.0,600.0,4400.0
4Q3XF2FJ0600LB,4Q0YM78J110017,270.2,372.3,207.6,209.7,1700.0,450.0,650.0,4000.0
4Q3XF2FJ06000K,4Q0YM77J0T006B,274.2,388.2,199.0,251.3,1400.0,300.0,500.0,3900.0
4Q3XF2BHCR007S,4Q0YM74J05000P,38.1,297.2,155.1,120.1,2200.0,600.0,900.0,5900.0
4Q3XF2BJ04002X,4Q0YM74J05003D,279.2,360.7,208.7,249.1,2700.0,900.0,900.0,5500.0
4Q3XF2BHCR00HW,4Q0YM74J050044,202.3,364.4,199.0,184.0,2000.0,500.0,600.0,5500.0
4Q3XF2BHCR00NS,4Q0YM74J05003Q,41.5,309.2,177.6,111.1,1600.0,400.0,500.0,5200.0
4Q3XF2BHCR00NF,4Q0YM74J05002Q,35.0,279.2,168.6,114.8,2000.0,500.0,600.0,5500.0
4Q3XF2BHCR008G,4Q0YM74J05004J,44.5,339.5,187.1,120.4,2000.0,500.0,600.0,5900.0
4Q3XF2BHCR00L4,4Q0YM74J050032,71.3,353.7,212.0,142.9,1900.0,400.0,500.0,4700.0
4Q3XF2BHCR008J,4Q0YM74J05005L,62.0,329.0,190.6,127.8,2000.0,500.0,600.0,5500.0
4Q3XF2BHCR00NT,4Q0YM74J05002C,33.3,283.9,173.0,113.8,1600.0,300.0,500.0,5100.0
4Q3XF2BHCR00N8,4Q0YM74J05003T,42.8,324.8,188.3,118.2,2000.0,500.0,600.0,5500.0
4Q3XF2BJ04001W,4Q0YM74J05002V,293.6,399.2,211.6,242.8,2000.0,500.0,600.0,5000.0
4Q3XF2BHCR009H,4Q0YM74J050038,65.7,366.1,214.8,137.5,1700.0,300.0,400.0,3700.0
4Q3XF2BJ04000B,4Q0YM74J05002W,298.9,404.0,227.8,252.5,2000.0,500.0,600.0,5100.0
4Q3XF2BHCR00LL,4Q0YM74J05005P,71.0,346.3,188.3,130.3,2000.0,500.0,600.0,5800.0
4Q3XF2BHCR00ND,4Q0YM74J050036,104.9,316.3,202.4,140.6,1800.0,400.0,600.0,3900.0
4Q3XF2BHCR0081,4Q0YM74J050057,42.8,316.6,194.6,119.1,2000.0,500.0,600.0,5500.0
4Q3XF2BHCR007W,4Q0YM74J05005Q,43.1,318.0,201.8,126.4,2000.0,500.0,600.0,4800.0
4Q3XF2CHCR00DG,4Q0YM75J070004,207.6,423.6,197.8,250.0,1800.0,400.0,500.0,5100.0
4Q3XF2CHCR00HZ,4Q0YM75J070010,217.8,448.1,204.7,325.1,2000.0,500.0,500.0,4900.0
4Q3XF2CHCR00CH,4Q0YM75J07000T,32.7,310.3,153.3,136.6,1800.0,400.0,500.0,5100.0
4Q3XF2CHCR00B5,4Q0YM75J080003,48.8,306.0,162.3,145.2,2000.0,500.0,500.0,5100.0
4Q3XF2CHCR00BJ,4Q0YM75J070016,49.9,347.9,187.1,146.9,1800.0,400.0,500.0,5100.0
4Q3XF2CHCR00GZ,4Q0YM75J07000P,133.8,339.5,156.6,214.2,2300.0,600.0,600.0,5100.0
4Q3XF2CHCR00BG,4Q0YM75J07000C,32.2,297.5,135.2,162.5,1800.0,400.0,500.0,5100.0
4Q3XF2CHCR00CB,4Q0YM75J080015,89.6,335.5,168.0,162.0,1800.0,400.0,500.0,5100.0
4Q3XF2CHCR00BF,4Q0YM75J08001F,30.5,294.2,135.2,149.6,1800.0,400.0,500.0,5100.0
4Q3XF2CHCR00F3,4Q0YM75J08000N,35.2,313.1,146.5,141.1,2000.0,500.0,500.0,5100.0
4Q3XF2CHCR00BR,4Q0YM75J070015,38.3,347.6,177.6,160.8,2300.0,600.0,600.0,6000.0
4Q3XF2CHCR00G8,4Q0YM75J07001L,137.2,349.4,163.5,190.8,2800.0,800.0,600.0,6000.0
4Q3XF2CHCR00GR,4Q0YM75J07000K,186.5,394.1,197.8,213.3,2000.0,500.0,500.0,4000.0
4Q3XF2CHCR00CZ,4Q0YM75J08000P,38.3,360.7,168.0,163.4,1900.0,400.0,500.0,5100.0
4Q3XF2CHCR009D,4Q0YM75J080011,67.9,314.0,149.3,150.6,1900.0,500.0,500.0,5100.0
4Q3XF2CHCR00GW,4Q0YM75J08001S,46.5,328.1,149.3,164.8,1800.0,400.0,500.0,5100.0
4Q3XF2CHCR008V,4Q0YM75J07001T,31.3,291.0,135.8,118.4,1800.0,400.0,500.0,5700.0
4Q3XF2CHCR00D7,4Q0YM75J08000B,77.3,340.3,155.4,151.8,2200.0,600.0,600.0,6000.0
4Q3XF2CHCR00GL,4Q0YM75J08001B,34.7,335.8,169.6,143.6,1800.0,400.0,500.0,5100.0
4Q3XF2CHCR00HG,4Q0YM75J080008,175.0,385.9,182.2,234.6,1800.0,400.0,500.0,5100.0
4Q3XF2BHCR00LK,4Q0YM74J05003M,51.3,316.6,179.9,129.0,2000.0,500.0,600.0,5500.0
4Q3XF2CHCR00C2,4Q0YM75J080012,215.0,394.7,178.2,274.5,1800.0,400.0,500.0,5100.0
4Q3XF2CHCR00GS,4Q0YM75J08000J,177.8,368.3,165.7,199.9,2000.0,500.0,500.0,5100.0
4Q3XF2CHCR00GC,4Q0YM75J08001W,195.3,397.5,184.8,284.6,1800.0,400.0,500.0,5100.0
4Q3XF2CHCR00BP,4Q0YM75J07000Q,32.2,338.6,169.6,157.6,2000.0,400.0,500.0,5100.0
4Q3XF2BHCR00P6,4Q0YM74J05004W,48.0,333.8,186.0,129.5,1700.0,300.0,500.0,4000.0
4Q3XF2CHCR00FW,4Q0YM75J07000F,77.5,347.6,181.0,150.9,2000.0,500.0,500.0,5600.0
4Q3XF2CHCR00CT,4Q0YM75J07001D,174.4,356.7,167.5,223.5,1800.0,400.0,500.0,5100.0
4Q3XF2BHCR00KN,4Q0YM74J05003W,265.7,382.2,196.9,210.9,2000.0,500.0,600.0,5500.0
4Q3XF2BHCR00K8,4Q0YM74J050055,55.9,309.8,186.0,127.1,1900.0,500.0,600.0,5500.0
4Q3XF2BHCR007N,4Q0YM74J05000H,47.4,320.2,195.2,125.7,1900.0,500.0,600.0,5100.0
4Q3XF2BJ040005,4Q0YM74J050046,277.2,450.4,223.4,249.8,2000.0,500.0,600.0,5100.0
4Q3XF2BHCR00Q3,4Q0YM74J05004M,58.6,335.8,213.7,129.3,1600.0,400.0,500.0,4500.0
4Q3XF2BHCR008P,4Q0YM74J05004R,42.5,341.7,192.3,119.1,1800.0,400.0,600.0,5200.0
4Q3XF2BHCR009G,4Q0YM74J05004Q,49.6,329.6,186.0,121.8,2000.0,500.0,600.0,5200.0
4Q3XF2BHCR0085,4Q0YM74J05002B,46.5,323.9,179.9,121.0,1700.0,400.0,500.0,5200.0
4Q3XF2BHCR0086,4Q0YM74J05004H,113.8,316.8,174.2,132.7,1900.0,400.0,500.0,4800.0
4Q3XF2BHCR008N,4Q0YM74J05002H,42.3,307.8,180.5,116.7,1700.0,300.0,500.0,4600.0
4Q3XF2BHCR00N3,4Q0YM74J050062,297.8,394.7,220.0,236.0,2100.0,500.0,600.0,5500.0
4Q3XF2BHCR008Z,4Q0YM74J05005N,38.9,301.5,170.1,117.2,2000.0,500.0,600.0,5800.0
4Q3XF2BHCR00B7,4Q0YM74J050026,38.1,316.8,188.9,124.5,2000.0,500.0,600.0,5500.0
4Q3XF2CHCR00D6,4Q0YM75J080009,117.8,334.1,155.4,178.7,1800.0,400.0,500.0,5100.0
4Q3XF2CHCR00H9,4Q0YM75J08001V,57.2,309.8,145.9,156.9,1800.0,400.0,500.0,5100.0
4Q3XF2CHCR00HB,4Q0YM75J080004,36.1,332.1,165.7,150.6,1800.0,400.0,500.0,5100.0
4Q3XF2CHCR00J4,4Q0YM75J08000K,114.1,373.2,178.2,199.0,1800.0,400.0,500.0,5100.0
4Q3XF2CHCR00FS,4Q0YM75J080010,197.5,416.2,206.4,244.0,1800.0,400.0,500.0,3900.0
4Q3XF2BJ04001D,4Q0YM74J050054,320.6,424.9,215.4,267.0,1800.0,400.0,500.0,4700.0
4Q3XF2BJ04000Q,4Q0YM74J050040,271.6,381.4,207.0,219.3,2200.0,600.0,700.0,5900.0
4Q3XF2BHCR00JX,4Q0YM74J05002K,40.1,316.6,191.7,116.2,1900.0,400.0,600.0,5500.0
4Q3XF2BHCR00PX,4Q0YM74J05002N,55.3,363.2,199.0,129.0,2000.0,500.0,600.0,5500.0
4Q3XF2BJ040001,4Q0YM74J05004L,315.0,439.1,216.0,260.4,1700.0,300.0,500.0,4500.0
4Q3XF2BHCR00HY,4Q0YM74J05000J,44.5,300.7,174.2,129.0,2000.0,500.0,600.0,5500.0
4Q3XF2BHCR00MQ,4Q0YM74J05000S,35.5,291.0,174.2,125.2,2000.0,500.0,600.0,5500.0
4Q3XF2BHCR008W,4Q0YM74J05002P,45.4,334.1,188.3,128.3,2000.0,500.0,600.0,5500.0
4Q3XF2BHCR00PB,4Q0YM74J05001G,70.7,334.1,188.9,134.6,2000.0,500.0,600.0,4800.0
4Q3XF2BJ04000G,4Q0YM74J05003H,309.4,440.2,229.5,249.3,5400.0,800.0,900.0,5500.0
4Q3XF2BHCR00LX,4Q0YM74J050048,71.3,308.9,172.4,123.5,2000.0,500.0,600.0,5200.0
4Q3XF2BJ04001Y,4Q0YM74J05001Q,284.0,404.5,207.6,250.0,1800.0,400.0,500.0,4800.0
4Q3XF2BHCR00LV,4Q0YM74J05003P,47.7,323.9,207.0,124.2,2100.0,500.0,600.0,5500.0
4Q3XF2BHCR00P4,4Q0YM74J050047,42.3,304.3,184.8,122.2,1800.0,400.0,500.0,5500.0
4Q3XF2BHCR00PR,4Q0YM74J050011,46.0,332.6,181.6,125.9,2000.0,500.0,600.0,5500.0
4Q3XF2BHCR00LT,4Q0YM74J05001P,76.1,329.3,191.1,133.0,2000.0,500.0,600.0,5500.0
4Q3XF2BHCR00LG,4Q0YM74J050058,51.3,336.9,196.3,119.6,1800.0,400.0,500.0,4700.0
4Q3XF2BJ04000J,4Q0YM74J05004N,198.9,389.0,186.0,212.8,2800.0,700.0,800.0,5500.0
4Q3XF2BHCR00KY,4Q0YM74J050012,45.1,336.4,206.4,127.6,1800.0,400.0,500.0,5100.0
4Q3XF2BHCR009Z,4Q0YM74J05001H,47.4,348.5,195.2,126.7,2500.0,700.0,800.0,5900.0
4Q3XF2BHCR00PC,4Q0YM74J05000T,60.3,345.7,211.0,138.8,2000.0,500.0,600.0,5500.0
4Q3XF2BHCR00B3,4Q0YM74J050028,48.0,350.2,202.4,140.9,2000.0,500.0,600.0,5500.0
4Q3XF2BHCR00MJ,4Q0YM74J05000G,43.7,338.4,205.3,122.2,2000.0,500.0,600.0,4500.0
4Q3XF2BJ04001M,4Q0YM74J05004T,319.5,418.1,222.8,257.8,1800.0,400.0,500.0,5100.0
4Q3XF2BJ04002V,4Q0YM74J05004D,277.5,387.3,203.0,234.3,1800.0,400.0,600.0,5500.0
4Q3XF2BHCR00KK,4Q0YM74J05001K,36.4,320.2,182.7,124.9,2000.0,500.0,600.0,5800.0
4Q3XF2BHCR008M,4Q0YM74J050024,43.4,334.9,196.9,120.1,2000.0,500.0,600.0,5500.0
4Q3XF2BJ04002T,4Q0YM74J05004B,305.4,464.0,245.4,269.2,1800.0,400.0,500.0,4600.0
4Q3XF2BJ04001S,4Q0YM74J05004K,320.3,473.7,237.5,258.1,1900.0,400.0,500.0,4700.0
4Q3XF2BJ04000K,4Q0YM74J05004C,311.8,420.1,211.6,247.9,2000.0,500.0,600.0,5100.0
4Q3XF2BJ04000N,4Q0YM74J050020,286.0,422.4,212.0,248.3,1900.0,400.0,500.0,5100.0
4Q3XF2BJ04001G,4Q0YM74J05001B,301.8,410.5,212.5,250.5,2000.0,500.0,600.0,5500.0
4Q3XF2BJ04001Q,4Q0YM74J050043,275.5,396.3,196.9,255.4,1700.0,400.0,500.0,4600.0
4Q3XF2BHCR00MX,4Q0YM74J05002M,45.7,357.6,183.3,130.7,2500.0,600.0,700.0,5500.0
4Q3XF2BHCR00J2,4Q0YM74J050049,40.9,306.0,181.0,125.2,2000.0,500.0,600.0,4800.0
4Q3XF2BHCR00LY,4Q0YM74J050041,49.3,321.0,197.4,119.6,2300.0,600.0,700.0,5500.0
4Q3XF2BHCR00PS,4Q0YM74J05000W,45.1,323.3,188.3,124.0,1500.0,300.0,400.0,4400.0
4Q3XF2CHCR00G6,4Q0YM75J07001F,229.6,426.9,194.6,331.4,2200.0,600.0,500.0,5100.0
4Q3XF2CHCR009X,4Q0YM75J080001,217.3,388.8,170.7,303.8,2000.0,400.0,500.0,5100.0
4Q3XF2BHCR00LR,4Q0YM74J05000B,128.2,342.0,183.7,144.6,1800.0,400.0,500.0,5500.0
4Q3XF2CHCR00G5,4Q0YM75J070006,123.4,373.7,186.6,182.3,1800.0,400.0,500.0,5100.0
4Q3XF2DHCT009F,4Q0YM76J0N007D,33.0,303.8,148.2,148.4,2000.0,300.0,500.0,4800.0
4Q3XF2DHCT0042,4Q0YM76J0N005H,232.2,425.8,196.3,288.3,2000.0,400.0,600.0,4900.0
4Q3XF2DHCT008J,4Q0YM76J0N007K,35.0,303.5,148.2,146.2,1800.0,300.0,500.0,4400.0
4Q3XF2DHCT00BH,4Q0YM76J0N0083,51.6,342.6,163.5,160.5,2000.0,400.0,600.0,5400.0
4Q3XF2DHCT00C6,4Q0YM76J0N003N,31.3,312.8,144.2,147.4,1800.0,300.0,500.0,4400.0
4Q3XF2DHCT00BS,4Q0YM76J0N005Q,38.9,312.8,147.6,156.7,2100.0,400.0,600.0,5400.0
4Q3XF2DHCT00B7,4Q0YM76J0N004J,189.9,395.3,158.9,327.7,2000.0,400.0,600.0,4900.0
4Q3XF2DHCT00CQ,4Q0YM76J0N003R,58.3,329.0,162.9,154.0,2000.0,400.0,600.0,4900.0
4Q3XF2DHCT004Y,4Q0YM76J0N001V,33.6,330.7,147.0,162.7,1700.0,300.0,500.0,4100.0
4Q3XF2DHCT0050,4Q0YM76J0N003J,101.4,308.6,130.6,185.2,2000.0,400.0,600.0,4900.0
4Q3XF2DHCT006C,4Q0YM76J0N007H,34.7,332.1,166.3,154.7,1800.0,300.0,500.0,4800.0
4Q3XF2DHCT00B1,4Q0YM76J0N002S,53.6,310.6,150.5,145.2,1800.0,300.0,500.0,4400.0
4Q3XF2DHCT008M,4Q0YM76J0N008V,232.4,438.8,180.5,311.0,2400.0,600.0,600.0,5300.0
4Q3XF2DHCT004R,4Q0YM76J0N004M,64.5,278.9,132.3,161.2,2000.0,400.0,600.0,4900.0
4Q3XF2DHCT005G,4Q0YM76J0N0051,40.9,339.7,181.0,185.9,1800.0,300.0,500.0,4400.0
4Q3XF2DHCT007Y,4Q0YM76J0Q004C,34.7,355.9,175.9,149.9,2100.0,500.0,600.0,4400.0
4Q3XF2DHCT008W,4Q0YM76J0N0023,41.8,314.5,151.0,149.4,2100.0,400.0,600.0,5700.0
4Q3XF2DHCT008D,4Q0YM76J0Q0048,73.0,331.0,164.6,157.8,2100.0,500.0,600.0,4400.0
4Q3XF2DHCT0066,4Q0YM76J0N0052,120.0,351.7,152.8,201.4,1800.0,300.0,500.0,4300.0
4Q3XF2DHCT004X,4Q0YM76J0N008B,32.4,331.6,158.9,146.7,2100.0,300.0,500.0,4900.0
4Q3XF2DHCT0078,4Q0YM76J0N007C,124.8,362.7,165.7,211.1,2100.0,300.0,500.0,4400.0
4Q3XF2DHCT008F,4Q0YM76J0Q0067,212.4,399.2,170.7,318.1,2600.0,700.0,700.0,5800.0
4Q3XF2CHCR00G9,4Q0YM75J07001Q,38.9,311.2,153.9,132.7,1800.0,400.0,500.0,5100.0
4Q3XF2DHCT00C3,4Q0YM76J0N002Q,35.8,303.8,147.0,160.5,2200.0,500.0,600.0,5300.0
4Q3XF2DHCT008B,4Q0YM76J0N0066,44.8,335.5,166.3,173.1,2000.0,400.0,600.0,4900.0
4Q3XF2DHCT005X,4Q0YM76J0N0069,127.6,338.1,155.1,205.1,2000.0,400.0,600.0,4900.0
4Q3XF2DHCT004M,4Q0YM76J0N005P,31.9,308.9,147.6,138.8,1800.0,300.0,500.0,4400.0
4Q3XF2DHCT0053,4Q0YM76J0Q0098,229.6,418.4,175.9,307.2,1900.0,300.0,500.0,4700.0
4Q3XF2DHCT0074,4Q0YM76J0N0084,205.9,398.9,161.2,371.3,1800.0,300.0,500.0,4400.0
4Q3XF2DHCT004W,4Q0YM76J0N0020,225.3,407.1,175.9,309.3,2100.0,400.0,600.0,4900.0
4Q3XF2DHCT0060,4Q0YM76J0N005N,38.6,356.7,173.0,169.7,2000.0,400.0,600.0,4900.0
4Q3XF2DHCT0075,4Q0YM76J0N0045,41.5,331.6,170.1,161.2,2000.0,400.0,600.0,4900.0
4Q3XF2DHCT008X,4Q0YM76J0N007T,42.3,387.9,195.7,153.7,2100.0,300.0,500.0,4400.0
4Q3XF2DHCT00BF,4Q0YM76J0N005F,38.6,348.2,166.3,154.2,2300.0,400.0,600.0,5600.0
4Q3XF2DHCT00BW,4Q0YM76J0N009B,32.7,355.9,169.2,158.8,2100.0,300.0,500.0,4400.0
4Q3XF2DHCT00BM,4Q0YM76J0N004Q,44.8,357.6,172.4,161.7,2100.0,500.0,500.0,4000.0
4Q3XF2DHCT00DB,4Q0YM76J0N007Q,48.2,329.6,163.5,159.0,2100.0,300.0,500.0,5300.0
4Q3XF2DHCT009H,4Q0YM76J0Q009R,42.8,365.5,184.3,149.9,2100.0,500.0,600.0,4400.0
4Q3XF2DHCT00CN,4Q0YM76J0Q008W,178.6,366.1,157.2,282.8,2300.0,500.0,600.0,4400.0
4Q3XF2DHCT00D1,4Q0YM76J0Q00J1,42.5,325.1,155.1,161.2,2100.0,600.0,600.0,5100.0
4Q3XF2DHCT00BR,4Q0YM76J0Q00KQ,47.4,353.7,177.6,181.4,2100.0,500.0,600.0,4900.0
4Q3XF2DHCT00BY,4Q0YM76J0Q00KR,41.5,338.6,162.9,155.4,2100.0,500.0,600.0,4400.0
4Q3XF2DHCT00B5,4Q0YM76J0Q00HQ,36.9,327.3,156.6,153.5,2100.0,500.0,600.0,4400.0
4Q3XF2DHCT005V,4Q0YM76J0Q00L4,31.9,329.8,170.7,146.9,2100.0,500.0,600.0,4400.0
4Q3XF2DHCT00BQ,4Q0YM76J0Q00KB,261.7,467.1,208.7,338.4,2100.0,500.0,600.0,4900.0
4Q3XF2DHCT0040,4Q0YM76J0Q0068,34.4,327.6,160.0,145.5,1900.0,300.0,500.0,4700.0
4Q3XF2DHCT00C9,4Q0YM76J0Q008P,35.8,318.5,162.9,143.8,2100.0,500.0,600.0,4800.0
4Q3XF2DHCT0058,4Q0YM76J0N007M,47.4,343.1,158.9,178.4,2100.0,300.0,500.0,5300.0
4Q3XF2DHCT007D,4Q0YM76J0Q0081,43.1,355.0,178.2,162.2,2100.0,500.0,600.0,4800.0
4Q3XF2DHCT0047,4Q0YM76J0Q00JL,88.5,312.5,147.6,157.2,2100.0,600.0,600.0,5400.0
4Q3XF2DHCT00CZ,4Q0YM76J0N0097,42.1,352.8,167.5,185.5,2200.0,500.0,600.0,4900.0
4Q3XF2DHCT006B,4Q0YM76J0N0057,51.3,335.8,165.7,160.0,2000.0,400.0,600.0,5300.0
4Q3XF2DHCT005F,4Q0YM76J0N003B,51.3,332.4,165.7,168.5,2100.0,300.0,500.0,4400.0
4Q3XF2DHCT005R,4Q0YM76J0N0059,34.4,339.7,161.2,154.0,1800.0,300.0,500.0,4300.0
4Q3XF2DHCT00BJ,4Q0YM76J0N0030,45.4,307.5,144.2,148.7,1800.0,300.0,500.0,5000.0
4Q3XF2DHCT005J,4Q0YM76J0N007J,193.6,372.3,153.3,294.1,2300.0,700.0,700.0,6000.0
4Q3XF2DHCT0067,4Q0YM76J0V0002,36.4,334.9,156.6,170.2,2100.0,500.0,600.0,4400.0
4Q3XF2DHCT0068,4Q0YM76J0Q0072,49.6,352.8,162.9,173.3,1900.0,300.0,500.0,5200.0
4Q3XF2DHCT006K,4Q0YM76J0N003F,35.2,329.3,162.3,183.0,1800.0,300.0,500.0,4400.0
4Q3XF2DHCT0080,4Q0YM76J0N0071,55.6,293.9,139.8,155.4,2900.0,800.0,800.0,5800.0
4Q3XF2DHCT0070,4Q0YM76J0N002H,189.9,397.7,165.2,282.8,2200.0,600.0,600.0,5300.0
4Q3XF2CHCR00C0,4Q0YM75J08001C,31.0,328.1,160.6,145.2,1900.0,400.0,500.0,5100.0
4Q3XF2CHCR009L,4Q0YM75J08000W,48.5,354.1,186.0,151.8,1600.0,400.0,400.0,4500.0
4Q3XF2CHCR00F1,4Q0YM75J08000H,36.6,348.5,164.6,141.1,2000.0,500.0,500.0,5200.0
4Q3XF2CHCR009T,4Q0YM75J07001P,65.7,327.8,149.3,182.3,1800.0,400.0,500.0,5100.0
4Q3XF2CHCR00C9,4Q0YM75J08001D,228.8,424.1,175.3,318.8,1800.0,400.0,500.0,5100.0
4Q3XF2CHCR0093,4Q0YM75J070003,42.1,337.5,171.9,154.7,2400.0,600.0,600.0,6000.0
4Q3XF2CHCR009R,4Q0YM75J080007,34.2,307.2,157.2,133.9,1800.0,400.0,500.0,5100.0
4Q3XF2CHCR009W,4Q0YM75J07000H,36.1,330.1,160.0,147.2,2000.0,500.0,600.0,5100.0
4Q3XF2CHCR0092,4Q0YM75J08001Q,32.7,318.8,157.2,147.9,1800.0,400.0,500.0,5100.0
4Q3XF2CHCR00G7,4Q0YM75J07000L,222.9,387.3,171.3,293.1,2300.0,600.0,600.0,6000.0
4Q3XF2CHCR00G3,4Q0YM75J07001V,134.4,367.8,172.4,179.2,1800.0,400.0,500.0,5100.0
4Q3XF2CHCR00GT,4Q0YM75J08000M,33.3,317.7,160.6,143.1,1800.0,400.0,500.0,5100.0
4Q3XF2CHCR0099,4Q0YM75J07000J,84.8,348.5,166.9,145.7,1700.0,400.0,300.0,5000.0
4Q3XF2BHCR00KP,4Q0YM74J050034,41.5,321.6,189.4,123.5,2000.0,500.0,600.0,5700.0
4Q3XF2BHCR00MS,4Q0YM74J050035,183.4,352.5,192.9,174.8,2000.0,500.0,600.0,5800.0
4Q3XF2BHCR00B5,4Q0YM74J05000C,75.3,319.3,184.8,131.5,2000.0,500.0,600.0,5500.0
4Q3XF2BHCR00JL,4Q0YM74J050009,90.5,324.8,184.3,134.8,1700.0,400.0,500.0,5000.0
4Q3XF2BHCR008Q,4Q0YM74J05003F,51.6,323.1,193.4,121.8,2000.0,500.0,600.0,5500.0
4Q3XF2BHCR00NL,4Q0YM74J050023,81.2,319.0,181.0,135.3,1700.0,400.0,500.0,4800.0
